-- MySQL dump 10.13  Distrib 5.7.36, for Linux (x86_64)
--
-- Host: localhost    Database: cibot
-- ------------------------------------------------------
-- Server version	5.7.36

/*!40101 SET @OLD_CHARACTER_SET_CLIENT=@@CHARACTER_SET_CLIENT */;
/*!40101 SET @OLD_CHARACTER_SET_RESULTS=@@CHARACTER_SET_RESULTS */;
/*!40101 SET @OLD_COLLATION_CONNECTION=@@COLLATION_CONNECTION */;
/*!40101 SET NAMES utf8 */;
/*!40103 SET @OLD_TIME_ZONE=@@TIME_ZONE */;
/*!40103 SET TIME_ZONE='+00:00' */;
/*!40014 SET @OLD_UNIQUE_CHECKS=@@UNIQUE_CHECKS, UNIQUE_CHECKS=0 */;
/*!40014 SET @OLD_FOREIGN_KEY_CHECKS=@@FOREIGN_KEY_CHECKS, FOREIGN_KEY_CHECKS=0 */;
/*!40101 SET @OLD_SQL_MODE=@@SQL_MODE, SQL_MODE='NO_AUTO_VALUE_ON_ZERO' */;
/*!40111 SET @OLD_SQL_NOTES=@@SQL_NOTES, SQL_NOTES=0 */;

--
-- Table structure for table `actualites`
--

DROP TABLE IF EXISTS `actualites`;
/*!40101 SET @saved_cs_client     = @@character_set_client */;
/*!40101 SET character_set_client = utf8 */;
CREATE TABLE `actualites` (
  `id` bigint(20) unsigned NOT NULL AUTO_INCREMENT,
  `titre` varchar(255) COLLATE utf8mb4_unicode_ci NOT NULL,
  `description` longtext COLLATE utf8mb4_unicode_ci NOT NULL,
  `active` tinyint(1) DEFAULT '0',
  `titl_seo` varchar(255) COLLATE utf8mb4_unicode_ci DEFAULT NULL,
  `description_seo` mediumtext COLLATE utf8mb4_unicode_ci,
  `photo` varchar(255) COLLATE utf8mb4_unicode_ci NOT NULL,
  `position` int(11) NOT NULL,
  `created_at` timestamp NULL DEFAULT NULL,
  `updated_at` timestamp NULL DEFAULT NULL,
  PRIMARY KEY (`id`),
  UNIQUE KEY `actualites_position_unique` (`position`)
) ENGINE=InnoDB AUTO_INCREMENT=11 DEFAULT CHARSET=utf8mb4 COLLATE=utf8mb4_unicode_ci;
/*!40101 SET character_set_client = @saved_cs_client */;

--
-- Dumping data for table `actualites`
--

LOCK TABLES `actualites` WRITE;
/*!40000 ALTER TABLE `actualites` DISABLE KEYS */;
INSERT INTO `actualites` VALUES (1,'Veniam maxime cum unde.','Ad aut aliquid incidunt in et. Labore animi impedit reprehenderit sunt. Ab et qui et ab neque consequatur.\n\nExercitationem cumque debitis provident voluptatem et. Similique tempore aperiam optio quia in qui. Et adipisci alias ea accusamus vero.\n\nIste soluta ut iste quisquam dolor non perferendis. Recusandae molestias quod culpa voluptas optio velit.\n\nNatus voluptate nihil molestiae consequuntur possimus optio delectus. Et quisquam voluptates et. Blanditiis quos voluptatum hic incidunt.\n\nAmet excepturi modi quam voluptatum deserunt consequatur. Voluptates pariatur accusantium eum officia et. Velit ut placeat fuga.',1,NULL,NULL,'https://via.placeholder.com/640x480.png/001188?text=est',5,'2021-12-31 02:29:22','2022-03-02 13:47:05'),(2,'Beatae libero veniam libero voluptatem quia.','Iure accusantium vel ut tempora ducimus. Odio nobis rem atque sit atque iusto labore. Ducimus consectetur explicabo nemo et qui illo. Vel optio aliquid similique id deserunt quibusdam voluptatem.\n\nIste architecto unde est provident. Repellat est laudantium debitis sed ratione sit facilis. Consequuntur sit sit et voluptas.\n\nVel aut asperiores culpa ea quae. Soluta perspiciatis doloribus at unde hic. Rerum tenetur veniam cum commodi cum voluptas. Accusamus eaque aliquam velit. Ut aut a doloribus atque.\n\nQui aut maiores et ex dolores magnam placeat. In ab in voluptatem qui. Rerum assumenda in cum non vitae.\n\nIste non molestiae sunt magnam. Enim a ipsum quaerat quia dolores possimus fuga. Maxime cum ad est enim asperiores et sed dolor.',1,NULL,NULL,'https://via.placeholder.com/640x480.png/00ffcc?text=fugit',7,'2022-02-04 13:17:12','2022-03-02 13:47:05'),(3,'Et voluptatem ullam excepturi nemo est quia quaerat.','Illo omnis consequatur quas consectetur ad tenetur natus eos. Dolorum quia nesciunt deleniti maxime atque.\n\nVeritatis dolorem enim facilis quo quo perferendis possimus similique. Exercitationem neque sequi quia aperiam praesentium. Magnam debitis commodi harum numquam fugiat blanditiis.\n\nDistinctio molestiae aut voluptatem quia. Suscipit nobis accusamus repudiandae ut.\n\nEa qui ab excepturi sit ut. Consequatur qui sit quia qui provident cum itaque. Iste incidunt alias expedita enim molestiae dolore fugit.\n\nEt velit esse neque. Non totam doloribus accusamus natus ea voluptatibus. Necessitatibus placeat non fuga impedit dolor qui.',0,NULL,NULL,'https://via.placeholder.com/640x480.png/00ee55?text=mollitia',10,'2022-01-27 03:43:13','2022-03-02 13:47:05'),(4,'Tempore quia veritatis aut fugiat et.','Vel modi eum repudiandae aut consectetur similique eum id. Eum alias nesciunt atque. Vel sit ut sequi distinctio unde quidem.\n\nEarum autem quia quia blanditiis sapiente sit sequi. Maiores veniam molestiae culpa deserunt atque atque. Quo sunt rem dolores aut.\n\nDolores est enim aut ex modi laborum. Ad possimus vero beatae consectetur quia facilis ut. Modi non tempore consequatur.\n\nEst necessitatibus dolorem distinctio aut consequuntur et voluptatem. Tenetur temporibus qui qui eum exercitationem. Optio est sed excepturi corporis aut saepe sit et.\n\nQuo est laudantium nemo saepe consequatur. Aliquid sed qui enim porro. Vero voluptatum exercitationem rem aut in et. Molestias quas ipsum veritatis incidunt recusandae consequatur.',1,NULL,NULL,'https://via.placeholder.com/640x480.png/00cc33?text=sint',3,'2022-01-02 11:46:00','2022-03-02 13:47:05'),(5,'Iste assumenda architecto sunt optio mollitia nemo aspernatur quo.','Sint saepe sit facilis voluptatem qui reiciendis et. Beatae dignissimos explicabo rem iure quidem qui. Eos vero optio itaque dolorem veritatis quae.\n\nRem eligendi nulla dicta neque. Amet voluptas in iure laboriosam fuga et cumque. Quia asperiores nesciunt beatae cum animi. Sunt recusandae cupiditate omnis sint. In est sit itaque eius vero et reiciendis.\n\nVeniam expedita cumque voluptatem eligendi sit. Facere qui blanditiis nihil. Laudantium voluptatum pariatur distinctio eius.\n\nLabore dolores iure non reiciendis qui amet. Quo et velit sunt assumenda veniam est. Molestiae repudiandae delectus illo recusandae quae. Aut iure quidem esse.\n\nDeserunt et dolorem dolore aut eaque minima. Repellat veritatis eligendi sit est. Ipsam sed eligendi enim quia.',1,NULL,NULL,'https://via.placeholder.com/640x480.png/00ff55?text=dolorem',1,'2021-12-25 04:29:02','2022-03-02 13:47:05'),(6,'Quibusdam eaque delectus quis quas at aut quam.','Eligendi quo voluptatem laboriosam repellendus. Pariatur voluptatibus quod tenetur enim reiciendis. Sunt provident minima saepe et aliquid. Ducimus maiores qui accusamus ea alias dolorem debitis. Et et ipsum consequatur saepe ipsa autem in.\n\nRerum totam dolor libero aut nihil. Qui magnam mollitia excepturi nisi facilis voluptatem. Quos odio aut labore ut assumenda. Quam possimus ea nihil ut quia voluptates.\n\nDucimus reiciendis odio ea quaerat sit exercitationem odit. Eveniet harum ea ad amet ut est. Et necessitatibus non ea sint facilis aut. A esse quia aliquam ipsam.\n\nNon et sit soluta a. Unde est libero alias deserunt quo.\n\nDebitis consectetur aut doloribus fugiat nihil. Aut voluptatum id corporis laudantium facere molestiae. Modi voluptates eos aut illo eaque.',0,NULL,NULL,'https://via.placeholder.com/640x480.png/009977?text=est',8,'2022-01-29 14:58:34','2022-03-02 13:47:05'),(7,'Tempora tempora a sunt totam velit.','Nulla et assumenda in quis illo optio. Atque in dolorem quo odio fugiat. Ipsa laudantium consequatur temporibus autem voluptas. Quo eum iste eligendi.\n\nIusto deserunt et molestias facere minima. Qui et et dignissimos. Quibusdam maiores quod voluptatum reprehenderit laudantium. Quo ea nulla placeat quaerat aut.\n\nLaboriosam tenetur voluptatem aperiam dignissimos. Quia ex officia et ducimus dolor ut voluptates. Aliquid nulla voluptatem alias ut voluptatem.\n\nAssumenda ea illum aut amet qui nihil illum. Aut aut iusto consequatur est optio. Dolorem amet velit nam iure.\n\nUt est placeat voluptas porro vel animi dolores in. Ut quis debitis temporibus minima corporis magni. Commodi adipisci dignissimos consequatur voluptas.',1,NULL,NULL,'https://via.placeholder.com/640x480.png/0066ff?text=perspiciatis',2,'2021-12-24 20:51:34','2022-03-02 13:47:05'),(8,'Dicta tempore id totam sunt enim consequuntur.','Officia vel velit est vel. Ducimus iste repudiandae dolorem. Aperiam perspiciatis non reiciendis ipsum.\n\nRecusandae praesentium facere aperiam sunt at consequatur. Quis praesentium iusto dolorem numquam in reiciendis nemo. Pariatur dignissimos doloremque eveniet nam voluptatem.\n\nFacere dicta mollitia voluptas exercitationem ipsam recusandae id. Eum ut ut reprehenderit eos est temporibus. Sequi voluptas ad amet quidem id velit.\n\nNobis saepe in qui unde id rerum. Quod odit inventore in quaerat ut assumenda. Ex iure veritatis corrupti ut voluptas nihil aut.\n\nEarum et eveniet dolores officia aliquid. Placeat magni iste ab optio nesciunt repellat. Id illo molestiae eius accusamus fugiat quia ea voluptatum.',0,NULL,NULL,'https://via.placeholder.com/640x480.png/0011ff?text=nihil',6,'2021-12-21 00:12:16','2022-03-02 13:47:05'),(9,'Natus vel est doloribus incidunt.','Eum suscipit necessitatibus quia quia quisquam eligendi. Quisquam voluptate sit nesciunt nesciunt maiores autem fugiat. Est atque corporis at voluptas. Omnis qui et quo.\n\nVoluptatem et voluptatibus unde quidem aut. Dolorem dolor placeat veritatis esse iste quia sed. Nam ut qui ex occaecati accusantium. Voluptas minima id et voluptatum velit sint qui.\n\nEos et voluptas consequatur modi culpa illum. Sunt minima sequi dicta. Et amet adipisci sunt cupiditate quia deleniti nam iusto.\n\nAd aspernatur quia distinctio error rerum amet. Libero nobis nihil unde ea odit rerum et. Et non cum porro qui.\n\nVeniam natus illo et et cupiditate repellendus illum. Laudantium voluptatem occaecati est. Quia nostrum dolorem occaecati placeat ea.',0,NULL,NULL,'https://via.placeholder.com/640x480.png/001133?text=eaque',4,'2021-12-16 15:49:13','2022-03-02 13:47:05'),(10,'Saepe sunt quas fugiat ipsam libero numquam.','Animi corporis perspiciatis rerum praesentium quia voluptas aut repellendus. Dolor et quod aut in fugit sunt molestias. Eius architecto perspiciatis aliquam necessitatibus optio ipsam.\n\nTempore vel rerum modi laborum quam. Reiciendis minus commodi sed qui adipisci officia ut. Veritatis est voluptatem placeat ea ut.\n\nPraesentium officiis est fuga. Quis sequi est eum quibusdam velit est.\n\nEst est quia quis asperiores similique quos qui. Quaerat non dolor in est. Quia ullam et facilis. Deserunt ut impedit aut voluptas voluptatum.\n\nQuam autem facilis nisi et esse eum. Reprehenderit temporibus porro voluptas. Qui eius placeat omnis ut porro.',0,NULL,NULL,'https://via.placeholder.com/640x480.png/007777?text=deserunt',9,'2022-01-21 12:50:29','2022-03-02 13:47:05');
/*!40000 ALTER TABLE `actualites` ENABLE KEYS */;
UNLOCK TABLES;

--
-- Table structure for table `categories`
--

DROP TABLE IF EXISTS `categories`;
/*!40101 SET @saved_cs_client     = @@character_set_client */;
/*!40101 SET character_set_client = utf8 */;
CREATE TABLE `categories` (
  `id` bigint(20) unsigned NOT NULL AUTO_INCREMENT,
  `titre` varchar(255) COLLATE utf8mb4_unicode_ci NOT NULL,
  `sous_titre` varchar(255) COLLATE utf8mb4_unicode_ci NOT NULL,
  `description` longtext COLLATE utf8mb4_unicode_ci NOT NULL,
  `created_at` timestamp NULL DEFAULT NULL,
  `updated_at` timestamp NULL DEFAULT NULL,
  PRIMARY KEY (`id`)
) ENGINE=InnoDB AUTO_INCREMENT=6 DEFAULT CHARSET=utf8mb4 COLLATE=utf8mb4_unicode_ci;
/*!40101 SET character_set_client = @saved_cs_client */;

--
-- Dumping data for table `categories`
--

LOCK TABLES `categories` WRITE;
/*!40000 ALTER TABLE `categories` DISABLE KEYS */;
INSERT INTO `categories` VALUES (1,'œuvres graphiques','Dolore sequi velit mollitia repellat culpa rerum.','Quibusdam quasi recusandae repudiandae aliquam debitis saepe dolore. Suscipit inventore aut atque. Est fugiat iusto quaerat accusantium qui exercitationem provident.\r\n\r\nSapiente quis reiciendis enim est nostrum harum aut. Sit ratione nostrum quo et velit explicabo. Inventore voluptas neque harum voluptas. Veritatis voluptatum placeat at.\r\n\r\nEst occaecati sunt soluta quidem dolorem et. Itaque vero vero alias ipsam quae repudiandae et. Iste corporis ut consequatur eos adipisci omnis.\r\n\r\nUt recusandae est at aut et exercitationem. Veniam rerum vel cumque. Eos incidunt sit molestias velit.\r\n\r\nOmnis quo accusamus voluptatibus nostrum ullam nemo error. Ex facere porro voluptas est et. Rerum facilis hic inventore qui illum. Autem nemo enim qui et.','2022-02-26 01:07:51','2022-03-02 13:50:08'),(2,'Camille.S, rencontre avec Camille Claudel','Suscipit laboriosam exercitationem dolores architecto quaerat consequatur aut.','Sed eum nesciunt eaque. Voluptas nostrum reiciendis laboriosam quia. Suscipit fuga error suscipit non ullam. Corporis reiciendis velit eligendi est.\r\n\r\nSit ullam omnis sapiente. Quod amet ab eius aperiam. Eos nisi rerum expedita harum dolorem quidem.\r\n\r\nEt similique doloremque sit ad commodi expedita impedit. Vitae et porro aut. Natus qui occaecati quia ut.\r\n\r\nInventore fuga quo voluptas ratione animi. Voluptates aut eum culpa vitae qui quod voluptatem. Et error enim sunt eveniet.\r\n\r\nSed sed reiciendis incidunt et dolores dolores. Sequi expedita est quidem quam dolorem. Tempore omnis non nisi quam architecto vel atque pariatur.','2022-02-23 10:45:49','2022-03-02 13:50:26'),(3,'Verre & Cristal','Et delectus dolorem rem molestiae unde sunt veniam delectus.','Et sunt nemo aspernatur qui. Illo qui sed itaque repellendus nemo quaerat reprehenderit voluptatem. Explicabo sint esse porro modi. Ipsa debitis molestiae quis et possimus provident unde.\r\n\r\nQui et et possimus molestias molestiae eius. Officiis a nobis velit dignissimos est. Possimus aut delectus illum et.\r\n\r\nIusto deleniti nihil ad. Omnis et adipisci nulla dolor atque veniam quia. Ut esse omnis nam cum est ut nisi ratione. Quia nulla officiis magni sint dicta neque.\r\n\r\nAut et dolore dolores saepe nihil. Eius vel culpa molestiae eveniet officia ex. Eum qui maxime consequatur eius veritatis sunt et.\r\n\r\nError vel necessitatibus ducimus id et sequi iste. Qui veritatis sunt facere eos corporis perspiciatis in. Quibusdam modi nam vel adipisci praesentium vel corrupti. Eum qui est in voluptatem dolorem et. Aut quia reiciendis ratione magnam sed consequatur.','2022-02-17 01:17:30','2022-03-02 13:50:50'),(4,'Architecture d’intérieur','Labore cumque quibusdam quidem et doloremque quae sed.','Eos adipisci ducimus sint accusamus. Mollitia et esse fuga dolorum rerum. Qui aut vel eos. Qui illum voluptates impedit qui reiciendis suscipit deleniti.\r\n\r\nOmnis ut consequatur ut sit nobis voluptates sit. Dolor quo dolorem est ut vero nobis. Nam sint qui qui nihil sit. Minus neque officia dolores sed eum quod qui.\r\n\r\nCupiditate dignissimos placeat quo qui et. Rerum est id et veniam cumque iste omnis reiciendis. A dolorem velit hic nisi.\r\n\r\nOdio eos enim eveniet sit. Veniam harum quo dignissimos veritatis officia earum.\r\n\r\nAspernatur doloremque alias cumque a soluta atque minus. Sit quis dicta ab dolorem et recusandae ipsa. Aspernatur sed quam sed saepe velit possimus totam.','2022-02-17 03:37:22','2022-03-02 13:50:40'),(5,'Sculptures','Sed laudantium iusto ut sunt.','Et repudiandae corrupti itaque est illo. Deserunt aut et labore magnam numquam mollitia excepturi. Voluptatibus ipsa voluptas tempora quia perferendis. Nemo sint perferendis dolorum.\r\n\r\nVoluptatibus rerum amet debitis voluptatem est hic quod. Sit dicta qui omnis aut. Eum repudiandae quae eos temporibus autem ut amet aut.\r\n\r\nPerferendis voluptatibus incidunt facere consequuntur tempora assumenda delectus. Ea sit facilis quod aut sed. In nostrum repudiandae sunt est. Sit aut voluptatem unde et minus fugit.\r\n\r\nQuam dolor dolorem fuga ad fugit. Et et recusandae ex officia eum ullam itaque velit. Qui temporibus quas hic dolores hic ex. Saepe aperiam eum doloribus sed accusantium nemo eaque.\r\n\r\nInventore consectetur omnis qui corporis. Voluptatibus at praesentium vitae qui quae sit in.','2022-02-27 01:52:15','2022-03-02 13:49:40');
/*!40000 ALTER TABLE `categories` ENABLE KEYS */;
UNLOCK TABLES;

--
-- Table structure for table `collections`
--

DROP TABLE IF EXISTS `collections`;
/*!40101 SET @saved_cs_client     = @@character_set_client */;
/*!40101 SET character_set_client = utf8 */;
CREATE TABLE `collections` (
  `id` bigint(20) unsigned NOT NULL AUTO_INCREMENT,
  `titre` varchar(255) COLLATE utf8mb4_unicode_ci NOT NULL,
  `sous_titre` varchar(255) COLLATE utf8mb4_unicode_ci NOT NULL,
  `description` longtext COLLATE utf8mb4_unicode_ci NOT NULL,
  `created_at` timestamp NULL DEFAULT NULL,
  `updated_at` timestamp NULL DEFAULT NULL,
  PRIMARY KEY (`id`)
) ENGINE=InnoDB AUTO_INCREMENT=11 DEFAULT CHARSET=utf8mb4 COLLATE=utf8mb4_unicode_ci;
/*!40101 SET character_set_client = @saved_cs_client */;

--
-- Dumping data for table `collections`
--

LOCK TABLES `collections` WRITE;
/*!40000 ALTER TABLE `collections` DISABLE KEYS */;
INSERT INTO `collections` VALUES (1,'rem quibusdam velit','Repellendus cumque blanditiis inventore laboriosam.','Optio dolor labore rerum nam repellendus magnam hic ducimus. Atque modi voluptatem eveniet repudiandae dolor non itaque. Error eum sint nisi.\n\nAut non sed perferendis et. Iusto perspiciatis optio voluptatem quia quas. Perspiciatis repellat libero perspiciatis nihil ad ex. Non quas consequatur nesciunt consequatur error maiores in. Magni ut sapiente eum necessitatibus.\n\nAutem iure voluptas ratione omnis sint voluptas illum sunt. Vitae quibusdam cumque quam facilis optio voluptas. Et quia velit necessitatibus est vel dolore ab ipsum.\n\nNam quasi illum id. Voluptas illo temporibus dolores laboriosam enim sequi maiores. Quis voluptates porro sequi voluptatem modi ut ea. Dolorem eius consequatur blanditiis non modi eos porro. Enim velit veniam sint.\n\nAb consequuntur vitae ipsam. Ducimus consequuntur qui qui necessitatibus. Iure veniam est consectetur nihil inventore. Impedit sapiente enim aut suscipit.','2022-02-25 00:22:50','2022-03-02 13:47:05'),(2,'Série Autre-Monde','Corporis aut eum ut quia aut molestiae.','Minus exercitationem repellendus omnis dolores nesciunt. Accusantium magnam molestiae possimus vel. Numquam eaque id doloribus et recusandae. Itaque labore nobis eveniet odit aut a eligendi. In illo maxime eum excepturi sint.\r\n\r\nProvident sed quae quaerat saepe nesciunt quaerat fugiat. Deleniti atque fugit omnis. Eius animi est dolor ut. Iste ea quod et eligendi suscipit.\r\n\r\nExpedita illum ratione totam magni sit officiis. Qui repellendus rerum repudiandae dolorem ut rerum.\r\n\r\nQui sapiente quisquam consequuntur ea commodi est enim. Molestias corrupti ipsam consequatur accusantium nemo ea. Iure eos ut autem sint dolore.\r\n\r\nVoluptatum ratione nostrum ea et. Omnis reprehenderit repellendus sed quasi voluptas aut labore totam. Quia eum id dolorem fugiat. Ex itaque id iure cumque expedita earum.','2022-02-26 18:24:59','2022-03-02 13:52:57'),(3,'voluptatum nihil quo','Tempore enim voluptas molestiae natus ut nobis sint.','Sit alias inventore quia error consequuntur ratione suscipit. Officia officia sint nam ipsam.\n\nAut natus qui cumque ut occaecati. Veniam iure impedit enim doloremque magnam.\n\nLaboriosam est et et nihil in provident id. Quod itaque accusantium totam cum. Rerum unde dolorum est dolor velit. Ea autem dolorum nihil.\n\nOmnis ipsam repellat non error vel possimus. Est magni mollitia aspernatur est vero voluptatem officia. Sequi perferendis eos sunt. Eum dolorem commodi reiciendis eius porro aliquid et.\n\nCorrupti mollitia nisi fuga mollitia maxime animi. Mollitia minima quia voluptas. Iste dolor repudiandae omnis aliquam recusandae.','2022-02-21 16:10:41','2022-03-02 13:47:05'),(4,'Monuments','Deleniti animi consequatur dolor rerum.','Id in voluptas aliquam eum est tempora odit. Assumenda quisquam doloribus expedita et voluptatem adipisci. Esse magni architecto distinctio aut eius et excepturi.\r\n\r\nConsectetur rerum quia nostrum similique. Fugiat perferendis amet nobis autem quia expedita aut cupiditate. Earum consequatur eligendi provident eos alias eos. Omnis commodi minus quisquam voluptatum occaecati eius delectus.\r\n\r\nArchitecto quidem adipisci aut vel deserunt culpa. Commodi dolor aspernatur dignissimos nam rerum perspiciatis.\r\n\r\nRerum aut quia atque. Error voluptas temporibus molestias debitis quia. Iusto eveniet rem qui rem et non.\r\n\r\nQuos tenetur ad voluptatum inventore. Enim quas aliquid earum incidunt ipsam magni. Porro est et provident perferendis. Blanditiis esse aliquam voluptatem consequatur totam ex provident tempore.','2022-02-27 12:57:10','2022-03-02 13:52:30'),(5,'enim sint recusandae','Qui aliquam ratione rem et beatae rerum.','Et nisi asperiores fugit sapiente voluptas. Soluta possimus corporis voluptates maiores nulla. Quia molestiae omnis at alias. Id error delectus pariatur. Quae perferendis nam nulla.\n\nAlias dignissimos a iste quidem. Error suscipit earum ut pariatur est at pariatur similique. Sed qui quia quos perspiciatis quis architecto.\n\nNihil a ut distinctio rerum ea quaerat at dolor. Facere molestias saepe atque rem facere nostrum. Blanditiis culpa est iste ipsa nihil.\n\nPlaceat omnis earum aperiam quis sed itaque fuga doloremque. Odit voluptas aut mollitia ut. Vitae maiores nisi praesentium. Optio magni facere accusamus ex.\n\nCumque nesciunt sed aut quo doloribus et consequatur. Provident aut hic velit vel sint nihil sed. Vero dolorem eligendi eaque inventore.','2022-02-25 05:44:40','2022-03-02 13:47:05'),(6,'Les Elfes','Iure necessitatibus et voluptate quae.','Quia atque sit assumenda optio officiis earum ipsum. Qui impedit iste aut ratione ratione accusamus. Eum minima autem voluptatum ex aut est modi.\r\n\r\nVeniam id corporis numquam nihil explicabo. Nihil quaerat harum consequatur consequuntur quod. Assumenda aut itaque rerum tenetur deleniti quasi ducimus quo.\r\n\r\nNostrum illum sit facilis id dolores. Ad quia ad quibusdam aspernatur fugit placeat enim. Rerum accusantium dolorum voluptas facilis pariatur unde. Totam adipisci aliquam quam aspernatur corrupti illum facere. Voluptate sed qui sequi est doloremque fugiat.\r\n\r\nEt ut illo inventore. Sed nisi provident nihil. Quia laboriosam veritatis eligendi beatae dolorem quis.\r\n\r\nNihil praesentium rerum beatae dolor distinctio. Dolore totam et nam tenetur. Laudantium ullam et quidem ut perferendis maiores. Fugiat sapiente voluptas saepe aut.','2022-02-26 23:46:36','2022-03-02 13:52:44'),(7,'ipsam et voluptatum','Veniam beatae omnis sit laudantium dolorem accusamus recusandae aut.','Omnis repellat accusantium quia repellendus qui velit. Magni quia libero in quia occaecati repellat. Quia ipsa ad est perferendis quo aliquid tenetur et. Repellendus itaque quam quia totam officiis. Aut exercitationem natus molestiae accusamus illum nemo totam qui.\n\nAlias eum eaque accusantium est occaecati repellat quae. Est perspiciatis voluptatem ullam perspiciatis eligendi eum asperiores fugit. Eveniet voluptatem inventore dignissimos consequatur qui.\n\nQuam dolorem eum ducimus dolore suscipit qui iste. Distinctio sapiente et est. Quis est optio laborum atque.\n\nConsequuntur ex illum occaecati perspiciatis voluptate. Dolorem aliquid voluptatum sit quod rem. Esse provident sunt ut numquam. Animi unde temporibus necessitatibus modi ad.\n\nDeleniti in alias earum molestiae laboriosam nulla. Quo totam eveniet quae alias. Repudiandae error consequuntur quae aliquid eum tenetur. Magnam ipsam sit odit consequatur sed laborum animi nulla.','2022-02-21 18:49:23','2022-03-02 13:47:06'),(8,'asperiores quae quidem','Autem sit nesciunt doloremque.','Odit aut et repudiandae omnis eaque aspernatur sunt. Ipsum consequuntur eligendi reiciendis. Incidunt tenetur provident molestiae reiciendis voluptatibus beatae voluptas deleniti.\n\nNon ea sunt quod illo porro recusandae. Perspiciatis placeat eum enim veniam labore non accusantium. Tenetur numquam dolores vel quis fugiat.\n\nAutem impedit soluta voluptatem aliquid nihil tenetur aut. Dignissimos repellendus sit quia aut.\n\nFugiat ab aspernatur non vel hic. Provident voluptas vero nihil quaerat ex. Quo autem harum dolorum voluptatem et. Ipsum cupiditate commodi velit consequatur.\n\nOptio atque cum quia. Ipsa voluptatem similique aliquid et molestiae natus. Officiis quidem non officiis eum accusantium.','2022-02-26 11:56:27','2022-03-02 13:47:06'),(9,'ut non iste','Quia ad ducimus facere esse rerum.','Animi harum ea et est magni. Adipisci veniam est voluptatem enim. Molestiae necessitatibus aut velit ut labore consequuntur eius.\n\nQui ea laboriosam perspiciatis unde et et nesciunt. Totam aut ea iste aut. Qui qui delectus quis odio quas vel.\n\nQuia eligendi dolorem nesciunt aut. Nihil veritatis rerum aut numquam. Fugiat consequuntur nihil qui blanditiis.\n\nEos qui incidunt officia autem molestiae et tempora. Iusto quidem impedit sed tempora numquam qui. Minima rem unde tenetur molestias.\n\nSint fuga error autem ex. Quam et dolores qui delectus sit. Maxime iste est dolores neque est ex et. Modi nulla maiores rem non eligendi architecto enim. Accusamus ullam consequatur rerum corporis minima fugit et.','2022-02-21 10:30:00','2022-03-02 13:47:06'),(10,'facilis voluptate nam','Vel voluptatibus natus aliquam earum.','Perspiciatis et omnis et reiciendis repellat. Harum magni et totam ullam molestias libero voluptatem asperiores.\n\nIste velit eos perspiciatis ex. Labore ea dolore et esse repellendus vel eius voluptate. Eius id tempora quis dolor sequi. Dolores velit nihil dicta in aut.\n\nEx in quae perspiciatis et exercitationem. Iusto voluptatum porro nihil consequatur ut accusamus. Est voluptas libero aut voluptas.\n\nImpedit in voluptatem repellendus ratione libero qui. Consectetur velit eum voluptatem et. Nemo fugit ut error doloribus ullam voluptatem sed. Esse odio odio vero distinctio eos. Et et omnis porro est vel.\n\nDignissimos consequuntur quod cumque dolores qui iste quo consequatur. Quam maiores provident nam. Minus omnis ut minima dolorem neque et.','2022-02-19 01:51:33','2022-03-02 13:47:06');
/*!40000 ALTER TABLE `collections` ENABLE KEYS */;
UNLOCK TABLES;

--
-- Table structure for table `contacts`
--

DROP TABLE IF EXISTS `contacts`;
/*!40101 SET @saved_cs_client     = @@character_set_client */;
/*!40101 SET character_set_client = utf8 */;
CREATE TABLE `contacts` (
  `id` bigint(20) unsigned NOT NULL AUTO_INCREMENT,
  `name` varchar(255) COLLATE utf8mb4_unicode_ci NOT NULL,
  `email` varchar(255) COLLATE utf8mb4_unicode_ci NOT NULL,
  `telephone` varchar(255) COLLATE utf8mb4_unicode_ci DEFAULT NULL,
  `active` tinyint(1) DEFAULT '0',
  `created_at` timestamp NULL DEFAULT NULL,
  `updated_at` timestamp NULL DEFAULT NULL,
  PRIMARY KEY (`id`)
) ENGINE=InnoDB AUTO_INCREMENT=3 DEFAULT CHARSET=utf8mb4 COLLATE=utf8mb4_unicode_ci;
/*!40101 SET character_set_client = @saved_cs_client */;

--
-- Dumping data for table `contacts`
--

LOCK TABLES `contacts` WRITE;
/*!40000 ALTER TABLE `contacts` DISABLE KEYS */;
INSERT INTO `contacts` VALUES (1,'Prof. Cruz Satterfield MD','jerde.darren@example.org','(760) 966-1182',0,'2022-02-18 11:26:14','2022-03-02 13:47:07'),(2,'Naomi Cartwright','ykohler@example.org','463.571.4038',1,'2022-02-20 11:44:29','2022-03-02 13:47:07');
/*!40000 ALTER TABLE `contacts` ENABLE KEYS */;
UNLOCK TABLES;

--
-- Table structure for table `failed_jobs`
--

DROP TABLE IF EXISTS `failed_jobs`;
/*!40101 SET @saved_cs_client     = @@character_set_client */;
/*!40101 SET character_set_client = utf8 */;
CREATE TABLE `failed_jobs` (
  `id` bigint(20) unsigned NOT NULL AUTO_INCREMENT,
  `uuid` varchar(255) COLLATE utf8mb4_unicode_ci NOT NULL,
  `connection` text COLLATE utf8mb4_unicode_ci NOT NULL,
  `queue` text COLLATE utf8mb4_unicode_ci NOT NULL,
  `payload` longtext COLLATE utf8mb4_unicode_ci NOT NULL,
  `exception` longtext COLLATE utf8mb4_unicode_ci NOT NULL,
  `failed_at` timestamp NOT NULL DEFAULT CURRENT_TIMESTAMP,
  PRIMARY KEY (`id`),
  UNIQUE KEY `failed_jobs_uuid_unique` (`uuid`)
) ENGINE=InnoDB DEFAULT CHARSET=utf8mb4 COLLATE=utf8mb4_unicode_ci;
/*!40101 SET character_set_client = @saved_cs_client */;

--
-- Dumping data for table `failed_jobs`
--

LOCK TABLES `failed_jobs` WRITE;
/*!40000 ALTER TABLE `failed_jobs` DISABLE KEYS */;
/*!40000 ALTER TABLE `failed_jobs` ENABLE KEYS */;
UNLOCK TABLES;

--
-- Table structure for table `messages`
--

DROP TABLE IF EXISTS `messages`;
/*!40101 SET @saved_cs_client     = @@character_set_client */;
/*!40101 SET character_set_client = utf8 */;
CREATE TABLE `messages` (
  `id` bigint(20) unsigned NOT NULL AUTO_INCREMENT,
  `prenom` varchar(255) COLLATE utf8mb4_unicode_ci NOT NULL,
  `nom` varchar(255) COLLATE utf8mb4_unicode_ci NOT NULL,
  `email` varchar(255) COLLATE utf8mb4_unicode_ci NOT NULL,
  `telephone` varchar(255) COLLATE utf8mb4_unicode_ci DEFAULT NULL,
  `sujet` varchar(255) COLLATE utf8mb4_unicode_ci NOT NULL,
  `message` longtext COLLATE utf8mb4_unicode_ci NOT NULL,
  `created_at` timestamp NULL DEFAULT NULL,
  `updated_at` timestamp NULL DEFAULT NULL,
  PRIMARY KEY (`id`)
) ENGINE=InnoDB DEFAULT CHARSET=utf8mb4 COLLATE=utf8mb4_unicode_ci;
/*!40101 SET character_set_client = @saved_cs_client */;

--
-- Dumping data for table `messages`
--

LOCK TABLES `messages` WRITE;
/*!40000 ALTER TABLE `messages` DISABLE KEYS */;
/*!40000 ALTER TABLE `messages` ENABLE KEYS */;
UNLOCK TABLES;

--
-- Table structure for table `migrations`
--

DROP TABLE IF EXISTS `migrations`;
/*!40101 SET @saved_cs_client     = @@character_set_client */;
/*!40101 SET character_set_client = utf8 */;
CREATE TABLE `migrations` (
  `id` int(10) unsigned NOT NULL AUTO_INCREMENT,
  `migration` varchar(255) COLLATE utf8mb4_unicode_ci NOT NULL,
  `batch` int(11) NOT NULL,
  PRIMARY KEY (`id`)
) ENGINE=InnoDB AUTO_INCREMENT=100 DEFAULT CHARSET=utf8mb4 COLLATE=utf8mb4_unicode_ci;
/*!40101 SET character_set_client = @saved_cs_client */;

--
-- Dumping data for table `migrations`
--

LOCK TABLES `migrations` WRITE;
/*!40000 ALTER TABLE `migrations` DISABLE KEYS */;
INSERT INTO `migrations` VALUES (89,'2014_10_12_000000_create_users_table',1),(90,'2014_10_12_100000_create_password_resets_table',1),(91,'2019_08_19_000000_create_failed_jobs_table',1),(92,'2019_12_14_000001_create_personal_access_tokens_table',1),(93,'2021_12_29_141217_create_collections_table',1),(94,'2021_12_29_141307_create_actualites_table',1),(95,'2022_01_03_101634_create_categories_table',1),(96,'2022_01_03_101731_create_oeuvres_table',1),(97,'2022_01_03_102143_create_photos_table',1),(98,'2022_01_17_095805_create_contacts_table',1),(99,'2022_01_17_110518_create_messages_table',1);
/*!40000 ALTER TABLE `migrations` ENABLE KEYS */;
UNLOCK TABLES;

--
-- Table structure for table `oeuvres`
--

DROP TABLE IF EXISTS `oeuvres`;
/*!40101 SET @saved_cs_client     = @@character_set_client */;
/*!40101 SET character_set_client = utf8 */;
CREATE TABLE `oeuvres` (
  `id` bigint(20) unsigned NOT NULL AUTO_INCREMENT,
  `description` longtext COLLATE utf8mb4_unicode_ci NOT NULL,
  `titre` varchar(255) COLLATE utf8mb4_unicode_ci NOT NULL,
  `sous_titre` varchar(255) COLLATE utf8mb4_unicode_ci NOT NULL,
  `date` datetime NOT NULL,
  `active` tinyint(1) DEFAULT '0',
  `collection_id` bigint(20) unsigned NOT NULL,
  `categorie_id` bigint(20) unsigned NOT NULL,
  `created_at` timestamp NULL DEFAULT NULL,
  `updated_at` timestamp NULL DEFAULT NULL,
  PRIMARY KEY (`id`),
  KEY `oeuvres_collection_id_foreign` (`collection_id`),
  KEY `oeuvres_categorie_id_foreign` (`categorie_id`),
  CONSTRAINT `oeuvres_categorie_id_foreign` FOREIGN KEY (`categorie_id`) REFERENCES `categories` (`id`) ON DELETE CASCADE,
  CONSTRAINT `oeuvres_collection_id_foreign` FOREIGN KEY (`collection_id`) REFERENCES `collections` (`id`) ON DELETE CASCADE
) ENGINE=InnoDB AUTO_INCREMENT=31 DEFAULT CHARSET=utf8mb4 COLLATE=utf8mb4_unicode_ci;
/*!40101 SET character_set_client = @saved_cs_client */;

--
-- Dumping data for table `oeuvres`
--

LOCK TABLES `oeuvres` WRITE;
/*!40000 ALTER TABLE `oeuvres` DISABLE KEYS */;
INSERT INTO `oeuvres` VALUES (1,'Odio voluptatem suscipit omnis optio nostrum vero. Nesciunt odit rerum inventore excepturi non velit architecto. Aut id quo quia ea. Quia et pariatur et aliquid pariatur voluptas.\n\nMagnam quasi voluptate est ut consequuntur. Sit laudantium illo est rerum ea. At ducimus sunt repudiandae officiis et doloribus.\n\nFacilis rem odit et voluptas ex officiis eos. Maiores officiis fuga eligendi voluptatum voluptatum hic aut qui. Eum quia quam asperiores consequuntur ipsa quasi.\n\nAspernatur magni sint ea in qui ea ratione consectetur. Est repellat incidunt ut tenetur quasi deserunt voluptatem. Ab rerum sit soluta odio animi ut consequatur.\n\nTempora itaque nihil labore id. Necessitatibus et animi illum ut.','dolores velit veritatis','At possimus quia fuga ut molestiae.','2018-11-24 22:31:05',1,10,1,'2022-02-28 14:01:45','2022-03-02 13:47:06'),(2,'Eligendi sint eum et qui. Est qui odit magni id aut ut. Blanditiis quia consectetur repudiandae ut occaecati possimus laudantium. Veniam ut recusandae doloremque voluptatem quos.\n\nBeatae assumenda voluptas a expedita quas est ut. Voluptas voluptatem recusandae est eaque non porro asperiores. Tempora corrupti consequatur nesciunt perferendis eum omnis quia.\n\nOccaecati ut amet quis. Quia necessitatibus ea blanditiis dolor. Corporis sit ipsum harum modi. In sit officiis aut enim dolore.\n\nAccusamus modi dignissimos ut quidem. Aut vel rerum in debitis possimus enim quia. Hic iure soluta commodi non fugit. Voluptas eligendi mollitia iusto et deserunt. Ipsam omnis consequatur expedita ut magnam id fugiat.\n\nAut quod nemo ut. Sit dignissimos quos quos sequi dignissimos. Culpa vel ex nostrum pariatur.','maxime aut voluptatum','Facilis id harum eveniet impedit consequuntur dolorem et.','2018-08-09 09:40:03',1,10,4,'2022-02-24 22:04:17','2022-03-02 13:47:06'),(3,'Dolores laudantium consequatur accusamus. Pariatur voluptatem impedit perspiciatis qui. Voluptatem voluptatem eos omnis cupiditate incidunt perspiciatis.\n\nNobis esse voluptas aut natus. Est possimus suscipit ut ab. Et est iure saepe voluptas est.\n\nId qui maiores iusto velit. Quisquam rem soluta consequatur repudiandae provident. Sed dolore debitis quae magnam et.\n\nPossimus dolores minus consequatur. Ea nemo placeat rerum. Dolores quos nisi nulla omnis aut commodi enim.\n\nVoluptatem quidem pariatur modi quo in animi repudiandae. Laborum aliquam eum voluptate ex blanditiis voluptatum debitis ut. Ad recusandae omnis et officia possimus.','et saepe ut','Possimus minus sint maxime.','2012-03-20 16:21:10',0,5,5,'2022-02-28 03:24:05','2022-03-02 13:47:06'),(4,'Facere exercitationem ab laborum itaque aut blanditiis. Voluptas qui inventore qui consequatur maiores sed.\n\nOfficia itaque vitae delectus sit voluptatem inventore voluptatum. Accusamus officiis dolorem non maxime eaque enim. Est impedit laboriosam voluptatem dicta deleniti. Vel est doloribus facere veritatis sapiente et.\n\nOfficia voluptatum molestiae qui quasi voluptatem. A consectetur rerum harum deleniti adipisci. Exercitationem voluptas distinctio distinctio et porro veritatis ea. Eius est numquam ea nisi.\n\nNeque dolorem accusamus ut eos est. Et architecto libero ullam enim deleniti laborum. Ex facere accusantium quo quisquam distinctio.\n\nIpsam esse neque nemo magnam. Commodi architecto sunt nemo est. Possimus corporis omnis enim ducimus. Velit ad inventore quidem inventore vel ut. Vel voluptatem incidunt iste modi nam.','vel nihil et','Enim id ipsa dolor voluptatem explicabo maiores.','2014-08-11 18:07:06',0,1,1,'2022-02-23 01:59:33','2022-03-02 13:47:06'),(5,'Sapiente voluptas ut nam eos a. Quaerat aliquam autem quos ipsum illum labore. Porro repudiandae sit facere facilis corporis tenetur. Quaerat quo dolores vel sed ut rem.\n\nEum est maiores et neque tempora et voluptas. Totam soluta omnis earum repellendus dignissimos suscipit sed. Est reiciendis culpa culpa qui occaecati sint culpa. Unde iusto ab excepturi voluptatem quia accusamus qui placeat.\n\nDebitis aut earum sunt ipsa quaerat. Rem ratione ipsam in ea. Nam omnis maxime porro. Expedita nesciunt quaerat velit.\n\nSunt voluptates nam aut et vero. Dolores officiis alias rem repellat. Veritatis nisi aperiam qui tempora rem exercitationem aspernatur.\n\nVeniam ab nostrum esse modi. Qui quia et illum quia voluptas quia voluptatibus. Omnis est nisi optio ipsam error et. Veritatis ex aut quidem voluptatem labore ducimus provident.','officia corrupti sit','Quia quos deleniti laboriosam sed quia explicabo.','2017-04-17 20:14:21',0,9,5,'2022-02-18 13:44:12','2022-03-02 13:47:06'),(6,'In ea ex placeat autem. Minus tempore voluptatem vel nesciunt. Deleniti quaerat enim veritatis quisquam rerum dolor illo suscipit.\n\nQuia nam assumenda iusto. Aut eius voluptas consequatur commodi porro cumque similique. Natus at aut totam sed velit similique rem.\n\nSit asperiores necessitatibus doloremque hic voluptatem nam saepe nisi. Nemo illum dolores quod similique ullam ut. Maiores inventore at accusamus. Voluptatem nemo tempore eum blanditiis.\n\nEt molestiae quia harum sunt voluptas. Sint repellat officia inventore in voluptate debitis omnis. Enim perferendis natus et.\n\nSed veritatis vel qui nam praesentium non voluptatum. Accusantium totam sunt temporibus earum. Officiis sit neque alias ipsum consequuntur occaecati voluptate. Tenetur sint eveniet voluptas laborum. Id quo blanditiis magnam consequatur.','consequatur distinctio sint','Id quasi et ipsum labore quibusdam sapiente.','2015-02-18 18:20:00',1,5,1,'2022-02-19 02:37:25','2022-03-02 13:47:06'),(7,'Adipisci ipsum voluptatem quasi pariatur dicta. Eaque quam accusamus nemo voluptas fugit veritatis. Omnis pariatur vitae ducimus nostrum ut ducimus. Omnis autem doloremque voluptas atque.\n\nEt perspiciatis aut tempore est totam. Ipsum velit repudiandae alias dolore nemo. Quas officia quam praesentium nesciunt voluptatem aut. Itaque est assumenda quam eligendi.\n\nQuia repudiandae enim blanditiis tempora eligendi. Velit facilis est non officia quia. Praesentium ut aut porro nobis autem. Nisi qui placeat voluptatem earum.\n\nMinus vel odio voluptate error alias pariatur ea. Dicta corporis inventore autem iure et magni omnis. Ullam beatae nulla nostrum qui maiores labore numquam quisquam.\n\nVoluptatem soluta neque modi exercitationem ut mollitia aperiam eos. Dicta suscipit ea non nesciunt omnis. Voluptatem magnam sint hic sapiente temporibus nulla. Voluptatibus rerum ut quia id distinctio eos.','et accusamus dolores','Nulla consequatur omnis quia qui.','2016-09-10 22:03:58',0,3,4,'2022-02-17 11:00:03','2022-03-02 13:47:06'),(8,'Deserunt accusamus nihil quos minima. Quae voluptatem vitae labore nostrum consectetur. Dolore quidem excepturi illo delectus rerum.\n\nQuas qui consequatur nisi quia architecto corrupti et. Commodi adipisci ullam alias voluptate. Ex error sequi iusto occaecati.\n\nRecusandae temporibus ut corrupti quam illo omnis repellat. Est soluta aliquam sit ut. Esse at ex porro eos qui. Sit omnis excepturi temporibus. Dolorem eaque nam est occaecati.\n\nCupiditate dolorem voluptatum aut. Sequi velit rerum fuga voluptatem voluptas pariatur sed aliquam. Repudiandae nostrum animi fugit illo tempora deleniti.\n\nEligendi voluptate sunt qui quas animi laudantium. Voluptas dolore dolores quidem quo enim inventore. Perspiciatis molestiae quis numquam inventore inventore. Et et sequi omnis sunt.','delectus et sapiente','Consequatur quae temporibus delectus.','2018-03-21 06:38:58',1,10,4,'2022-02-23 20:59:49','2022-03-02 13:47:06'),(9,'Reiciendis eos aut mollitia deleniti officiis explicabo. Modi autem libero consequatur dolores tempore doloremque. Nihil porro placeat doloribus porro reprehenderit et. Quisquam ducimus ipsam provident est quo quia possimus.\n\nMolestiae vel in voluptatibus aliquid. Dolorum ut enim sunt molestias dolorum. Doloremque et et eligendi tenetur natus. Dolorum ullam quasi cum placeat voluptatem sint voluptatum.\n\nDolorem sequi architecto consequuntur ut architecto. Et omnis nemo numquam consequatur provident. Quisquam fugit molestias culpa molestiae illum dolor mollitia.\n\nConsequatur exercitationem iste optio dignissimos repudiandae maiores debitis. Voluptas perspiciatis voluptate accusantium aut. Illo non et vel quis ipsam voluptatibus.\n\nIpsam ut et non eveniet deserunt animi. Ea totam vel aperiam. Rerum sed quae assumenda similique vel quidem quia facere. Optio qui voluptate et exercitationem enim sit. Dolorem fuga dolore est possimus.','excepturi soluta accusamus','Veniam quia ut tempore et et est.','2017-10-19 20:43:53',1,7,2,'2022-02-24 23:59:24','2022-03-02 13:47:06'),(10,'Nemo error voluptas est eveniet. Nemo veniam expedita quaerat rerum excepturi debitis non. Reiciendis neque enim iusto neque incidunt. Est debitis dolores consequatur voluptate iure ut.\n\nRem eligendi ut doloremque praesentium ipsa tempora consequatur. Voluptatem alias perferendis porro aut hic ad. Ex voluptatibus laudantium eligendi nemo saepe fugit consequatur voluptatem. Nulla eos aperiam repellat quia.\n\nLibero officia repudiandae reprehenderit qui cum delectus. Cum qui qui aut. Sunt recusandae perspiciatis incidunt est officia. Hic numquam consequuntur voluptatem est.\n\nOmnis quam debitis sapiente harum tenetur. Et et beatae eius at dignissimos numquam illum.\n\nRerum ullam modi doloremque non unde maxime eligendi. Dignissimos incidunt quos quam qui suscipit doloremque consectetur. Ex et voluptatibus ut est occaecati neque. Molestias praesentium id sunt.','quibusdam qui excepturi','Quae sequi voluptas ut omnis.','2018-09-13 13:57:09',0,10,1,'2022-02-28 02:51:50','2022-03-02 13:47:06'),(11,'Quo culpa sit maxime nisi ipsum modi. Laborum nam molestiae blanditiis. Laboriosam ut aut esse ut. Animi non laudantium quos.\n\nAperiam ex vel repudiandae laboriosam tenetur eum. At tempora voluptate et architecto. Sit non eius dolorem quisquam quo cum.\n\nQuidem consequatur odio nam deserunt qui. Quam et est non est et assumenda quia. Et veniam laudantium officia nostrum.\n\nArchitecto excepturi odio error soluta eum rerum laudantium. Consectetur exercitationem qui quis ea. Non enim magnam ut aut et. Ex consequatur voluptatum ipsam nam.\n\nNumquam odio et qui perspiciatis impedit. Expedita aut numquam beatae voluptas aut et.','qui dolor excepturi','Corporis qui nihil itaque corrupti.','2017-09-07 02:38:10',0,2,2,'2022-02-19 00:07:04','2022-03-02 13:47:06'),(12,'Alias quasi voluptas et tempore exercitationem nobis quo. Omnis ipsam quae magni est dicta. Suscipit id molestiae nobis corrupti nulla. Nemo aperiam ut sed necessitatibus ut vel.\n\nSaepe voluptatem iusto et numquam non. Sapiente quam eveniet voluptatem et et. Explicabo molestiae quos quaerat sunt veniam fugit.\n\nBeatae minus repellat non. Qui temporibus delectus ut. Explicabo vel illo omnis omnis. Magni ut qui aut maxime optio odit cupiditate.\n\nEt dicta officia at accusantium. Perspiciatis consectetur ut et temporibus commodi eaque est velit. Repellat repellendus incidunt itaque blanditiis qui ut reprehenderit. Ipsum doloribus adipisci qui ipsa perspiciatis. Sed facilis totam eum quia sed quae.\n\nProvident molestiae qui deserunt doloremque et. Non doloribus possimus quasi iusto ea molestias aspernatur. Aut qui aperiam officiis.','magnam voluptatem optio','Asperiores quos similique delectus dicta quidem blanditiis.','2019-12-29 06:31:58',0,2,3,'2022-02-22 20:52:39','2022-03-02 13:47:06'),(13,'Soluta assumenda debitis deleniti dignissimos et. Doloremque blanditiis est cumque. Officia nemo aspernatur amet et quaerat odio. Id eveniet consequatur animi veritatis exercitationem.\n\nFuga culpa voluptatum autem quis. Est animi aut impedit et est. Exercitationem deserunt expedita eos et omnis veritatis inventore. Voluptas autem et autem et officia illo.\n\nDoloribus nemo consectetur quae. Officia quaerat voluptatem est quis quos reiciendis in. Quia optio animi ut officia dicta. Dicta illo iure doloribus consequatur beatae reprehenderit.\n\nDoloremque enim aut est. Ea nulla nihil et quia iste. Iusto non quia neque quod dolores quis nobis. Assumenda qui corrupti sint impedit neque.\n\nQuam aperiam aut eveniet minima. Maiores enim quam eos placeat dolorem.','magnam laboriosam libero','Cum cupiditate et qui repudiandae.','2012-10-31 06:24:44',0,4,1,'2022-02-24 17:48:19','2022-03-02 13:47:06'),(14,'Est dolores ut necessitatibus aut. Dolorem similique ab facere qui eaque facilis accusamus.\n\nIllo laudantium voluptate odio odit quam sed corrupti. Quam sunt magnam voluptas praesentium nesciunt voluptatem. Dolor vitae sunt dolores voluptate veritatis.\n\nQuisquam et ipsum tenetur ipsam. Maiores quibusdam dolor voluptas voluptas quae est debitis. Assumenda rerum illum sed quibusdam impedit deserunt. Dolore recusandae consectetur minima dolorem provident sint et.\n\nAmet et est eum amet quam. Voluptatem repellendus velit esse quia ullam quia. Quia qui eos qui quaerat. Unde eligendi ut voluptatem quae numquam sit excepturi temporibus. Iusto in amet quia temporibus nulla voluptate est.\n\nQuidem hic non explicabo ut quae omnis. Rem sit quia soluta.','sequi nihil facere','In accusamus in quis et unde modi aut.','2021-06-20 05:36:20',1,2,1,'2022-02-21 17:39:58','2022-03-02 13:47:06'),(15,'Deleniti ut ut sint et. Fugiat et porro ducimus corporis adipisci culpa dolore. Laboriosam accusamus est qui doloremque eos delectus. Tenetur sed atque sit temporibus sed porro.\n\nTenetur qui rerum voluptas. Qui unde ducimus dolores voluptatibus omnis voluptas occaecati. Fuga eaque fuga vero delectus pariatur nesciunt.\n\nOdit quia beatae necessitatibus est suscipit facilis consectetur. Est hic porro dolorum exercitationem distinctio. Occaecati vero consectetur quia.\n\nAmet optio cum sunt suscipit et odio fuga. Laudantium molestiae aut placeat laudantium. Alias optio cupiditate autem quod.\n\nNemo animi cupiditate facere quia quaerat tempore necessitatibus. Ad odit et exercitationem expedita iusto commodi fugiat. Autem beatae dolores rem enim voluptate dolorem. Repudiandae beatae dolores et.','laudantium ipsum exercitationem','Delectus quaerat omnis deleniti suscipit facilis natus dicta.','2019-01-12 08:55:41',0,10,2,'2022-02-27 16:21:06','2022-03-02 13:47:06'),(16,'Id aut aut dolores eius et. Itaque dolorem quia ea culpa vero ut. Eius eum nam voluptatem laboriosam.\n\nRecusandae nemo neque est vel sunt voluptatem. Ipsum eaque voluptatem est nisi qui eum rerum. Voluptas ipsum rerum veritatis assumenda doloremque non eligendi aspernatur.\n\nRepudiandae eum repellat nesciunt velit est dolor cupiditate. Hic in dolorem dolores at ducimus explicabo.\n\nSed repellendus necessitatibus doloribus asperiores accusamus et ratione. Est harum expedita quae quia. Facere rerum est rem qui quis. Consequatur iure minima aut qui ad magnam nemo.\n\nNesciunt totam perferendis eos qui non culpa. Placeat facilis eius quidem aut excepturi cumque vel. Consequatur voluptatem fugiat praesentium qui. In ab quia unde.','aperiam eaque rerum','Ut reprehenderit vel provident aut aperiam consequatur dolorum.','2020-01-08 02:26:45',0,6,1,'2022-02-18 20:21:23','2022-03-02 13:47:06'),(17,'Qui dolorum et ea voluptatem eos odio omnis. Quaerat et sit qui et est aliquam quod sed. Id blanditiis inventore sit accusantium iusto. Sed est voluptates molestias commodi qui ut facilis. Natus qui porro itaque libero.\n\nAliquid sint quia ipsa. Dignissimos porro perferendis esse et accusamus labore alias. Sed velit sed pariatur placeat vel accusamus atque.\n\nError magnam ea architecto rerum. Reprehenderit consectetur accusamus eum quos. Temporibus qui voluptates eos ut similique perspiciatis sunt. Iure est illum sit voluptate.\n\nEt expedita unde ipsa vitae debitis. Quis sit sit architecto vitae facilis nobis velit. Et omnis voluptatem explicabo saepe natus et.\n\nEt reprehenderit et exercitationem qui cupiditate et sit nulla. Ratione nesciunt distinctio consectetur laborum ut placeat neque similique. Repellendus fuga ea qui impedit dolor non. Veniam soluta molestiae omnis laudantium.','in iure repellendus','Aut fugit officiis est.','2014-12-14 17:48:20',0,9,1,'2022-02-19 05:59:55','2022-03-02 13:47:06'),(18,'Totam pariatur pariatur soluta temporibus eos. Praesentium enim molestias distinctio repellat tenetur nihil atque. Officiis voluptatibus beatae quibusdam ea architecto.\n\nEst nostrum repudiandae doloribus eum et velit dolores quidem. Sed tenetur sed neque et beatae tempora. Aut odio officiis nisi commodi enim sit sapiente eos.\n\nFacilis voluptatum et laborum eum veniam sint. Qui iure et modi et quod magnam odio. Quas consequatur quisquam officiis et nihil.\n\nVelit nostrum commodi ipsum reprehenderit omnis. Cupiditate cumque ut enim omnis. Est quidem sapiente minima qui.\n\nNatus sed aut voluptatem sint nemo. Asperiores qui et repudiandae sunt sed non. Ut ab voluptatem minus qui voluptatem totam rerum.','sunt illum ut','Fugiat sint a facere placeat distinctio dolores.','2014-03-11 06:22:31',1,9,3,'2022-02-28 16:59:22','2022-03-02 13:47:06'),(19,'Atque voluptatibus nihil dignissimos tempore quia est perspiciatis. Porro ut inventore ipsum excepturi voluptatem ea qui. Quod nulla excepturi similique necessitatibus optio id.\n\nModi vero quo enim sed. Sequi dolore ducimus est sed. Expedita illo autem nihil distinctio.\n\nAspernatur sint et quo odio quasi dolorem. Ad deserunt officiis provident eligendi. Dicta dolorem similique consequatur non.\n\nExercitationem beatae quos occaecati quo. Voluptatibus consequatur accusantium eaque. Quia saepe ea rerum. At aut illum odit odit et earum earum aspernatur.\n\nDolorum et nihil quibusdam unde temporibus atque. Iste quia laboriosam blanditiis velit eligendi fugiat nesciunt. Enim nobis repellat repudiandae iste porro eligendi. Qui minima deserunt dolores officia repellat. Enim impedit repudiandae aut quisquam facilis deleniti.','itaque doloremque fugiat','Expedita in consectetur aut ab corrupti praesentium.','2019-10-11 08:07:51',0,3,2,'2022-02-26 02:42:49','2022-03-02 13:47:06'),(20,'Commodi assumenda consequatur est dignissimos asperiores. Atque quia et deleniti est sunt deleniti. Totam nam perferendis qui veniam cupiditate. Alias dolorem odio modi nemo. Magnam cum non veritatis id nulla.\n\nQuo natus eum rerum veniam. Culpa ut eos et quae nam eos. Quo non ipsam qui eos omnis. Ullam non ut labore quidem corrupti.\n\nNobis id rerum tempore est saepe debitis reprehenderit mollitia. Ipsa natus illo ea ut voluptatem dolor. Omnis et laudantium iure tempora tenetur dolores odit magnam. Ipsa nisi quia neque ullam corrupti suscipit sunt doloribus.\n\nOfficia blanditiis odit provident a porro accusamus. Corporis ut nihil possimus debitis quidem quae et. Sit explicabo velit impedit sunt porro.\n\nCommodi ipsam quidem fugit est. Dolor est enim qui quaerat quis sit esse ad. Architecto consequatur natus est qui non eius.','autem totam voluptatum','Error eum expedita ut est.','2018-03-20 11:14:02',0,10,2,'2022-02-23 13:16:02','2022-03-02 13:47:06'),(21,'Similique fuga ipsum rem ut et quibusdam molestiae. Vel eos reprehenderit aliquam ea.\n\nNatus odio non cum et minima praesentium possimus. Distinctio expedita commodi ab aut rerum occaecati possimus. Ut et sunt corporis fugit ea quis illo et. Nemo velit ratione voluptatem rerum velit a incidunt. Assumenda quaerat eum quaerat voluptates ut quod.\n\nVeritatis facere eaque est deleniti. Excepturi rerum quia voluptatem dolor. Blanditiis consequatur id quia atque eum vitae voluptatibus. Quo porro odit optio quia aliquam aut.\n\nEsse voluptatem ad quia et mollitia reprehenderit. Quae vel voluptatem reprehenderit eum est iste. Explicabo in velit iusto omnis quia aut doloribus. Velit omnis totam quos magnam.\n\nOmnis sunt omnis amet non. Suscipit voluptates rerum vero aut ut laudantium non. Rem assumenda optio illo veritatis alias assumenda.','earum et dignissimos','Praesentium magni culpa ratione laborum consequuntur.','2014-09-27 09:42:01',0,4,2,'2022-02-25 11:40:56','2022-03-02 13:47:06'),(22,'Delectus id quaerat tempore exercitationem. Quisquam facere enim assumenda temporibus voluptas dignissimos. Quae voluptates placeat dolore nisi corrupti aperiam. Perferendis perspiciatis quia ut incidunt voluptas.\n\nVoluptas qui et quisquam autem. Voluptatem aperiam vel id consequatur. Magnam quos tempore quia laudantium iste consequatur enim et. Sit harum vero nemo suscipit a quisquam beatae.\n\nMinus possimus aut enim doloribus consequatur voluptatem minima. Repellendus magni illum unde expedita eum.\n\nEligendi vitae ab est porro dicta et aperiam minima. Incidunt aut eius ea mollitia architecto mollitia reiciendis. Voluptatem eos quis et porro qui eligendi sunt et. Nisi deleniti corrupti et aliquam quasi quo non.\n\nNisi est accusamus rerum cum saepe voluptate voluptas. Reiciendis sit in sint at distinctio quasi vel velit. Optio sit in in aut cupiditate blanditiis at. Omnis assumenda harum ut voluptatem consequatur praesentium qui.','enim voluptas architecto','Voluptatum delectus exercitationem quae et sequi asperiores eaque.','2019-09-07 20:08:30',1,4,4,'2022-02-25 00:58:53','2022-03-02 13:47:06'),(23,'Necessitatibus autem illum saepe enim et. In eum distinctio natus tempora quia suscipit. Vero aliquid quasi molestiae enim qui.\n\nBlanditiis cum voluptate cupiditate est consequatur ipsum non. Vel qui et omnis et omnis maxime omnis quae. In at aut ab tenetur.\n\nAperiam fugiat autem nihil distinctio. Quis natus fuga natus cum nostrum dolores quasi quo. Rerum et et quasi ea porro.\n\nQuia reprehenderit et vero voluptatem et ea excepturi. Harum dolorem mollitia est suscipit. Magnam illo consectetur qui numquam recusandae.\n\nMolestiae dolorum placeat cumque molestiae magnam corporis. Eligendi nihil iusto dolorem. Id laboriosam autem similique unde tempora.','cupiditate nesciunt est','Numquam accusantium dignissimos harum libero odio aliquid fugit.','2017-01-05 01:56:01',0,10,3,'2022-02-23 08:07:38','2022-03-02 13:47:06'),(24,'Reiciendis commodi sit ab odit. Deleniti maxime velit blanditiis alias quod pariatur. Inventore nihil non veritatis quo. Rerum error aut dolor id.\n\nCulpa ut dolores fugiat. Ut non sit a nobis reiciendis autem. Et molestiae magni at enim laudantium minima. Ut nulla distinctio numquam ullam eligendi a.\n\nVeniam rerum ut nemo non. Velit sed ut labore et id necessitatibus. Et animi excepturi et ut error et omnis.\n\nAspernatur sunt neque iure officiis corrupti dolore quis. Accusamus corporis asperiores maxime nisi consectetur est adipisci et.\n\nEa sed occaecati aut aut. Alias et dignissimos ducimus nemo maxime cum. Eius natus omnis qui. Veniam assumenda sequi eum sint.','quidem et est','Velit assumenda assumenda veniam sed et.','2021-03-05 11:17:49',0,2,4,'2022-02-23 20:05:59','2022-03-02 13:47:06'),(25,'Culpa voluptatem architecto deleniti quasi aut repellat. Atque voluptatem nobis repudiandae odit rerum asperiores recusandae adipisci. Expedita sit et qui porro quis. Quibusdam distinctio quasi aliquid voluptatem soluta a.\n\nIn non qui cupiditate at. Rerum ex aut eum dolores repudiandae odit. Sunt consequuntur est cupiditate quo.\n\nQuia sed voluptatem modi quia animi commodi minima. Ipsa quis rem deserunt quis possimus. Magnam nisi recusandae cumque saepe consequatur sed qui.\n\nVoluptas suscipit ipsam molestiae esse. Eos laudantium qui voluptatem ab. Non deleniti aut quo vitae. Nobis quo cupiditate omnis hic nulla.\n\nTemporibus autem culpa assumenda aut. Cumque at quo eos necessitatibus saepe. Delectus tenetur nostrum qui ipsum debitis.','quaerat labore deleniti','Rem qui et voluptatem dolorem dolor et dolore.','2012-03-19 18:57:56',1,1,3,'2022-02-21 22:43:07','2022-03-02 13:47:06'),(26,'Dolorum sapiente blanditiis adipisci perferendis. Saepe doloremque odit sapiente voluptatem error.\n\nLaudantium sint eius id consequatur aut ratione facilis. Ut iusto perferendis minima maiores. Est perferendis consequuntur quisquam neque voluptatem et.\n\nVoluptatem dolorum distinctio et deserunt aut delectus. Omnis maiores laborum a sunt beatae qui. Porro ullam aut voluptatem consequatur dolor.\n\nTotam incidunt illum et voluptas. Omnis sit aut et consequuntur porro. Esse blanditiis corrupti dolor expedita blanditiis.\n\nMaxime cum cumque ipsa consequatur impedit sunt nesciunt. Quis omnis provident culpa ut expedita voluptatem. Voluptatem ut id voluptatem. Deleniti quos nostrum hic illum voluptas.','voluptates quas est','Consectetur sed et magni ut consequuntur nam.','2015-12-14 05:47:16',1,9,5,'2022-02-25 05:54:16','2022-03-02 13:47:06'),(27,'Perferendis doloremque dolores aliquam eum doloribus quo. A modi ut corrupti adipisci hic. Voluptas dolor dolorem omnis. Accusamus atque repellendus tempora odit sed.\n\nRepellendus neque voluptatem id accusamus error sunt. Neque harum praesentium ipsa odio quibusdam eaque exercitationem. Dolor velit consequuntur at eaque quia accusamus.\n\nEt sed dolor omnis dolores ut. Est enim ea nesciunt sint ut blanditiis asperiores. Exercitationem ducimus quasi quia ipsum nostrum.\n\nSed totam voluptas quos consequatur. Eveniet ea dolore est eum rerum aperiam aperiam. Dolor sed aut dolorum saepe maxime.\n\nEnim nobis exercitationem impedit nam laboriosam. Hic aut illum non hic. Aut ut voluptas error modi. Et cumque eveniet aspernatur rerum.','est in in','Nulla nobis vel provident voluptas maxime.','2021-12-11 22:15:39',0,8,1,'2022-02-24 19:44:38','2022-03-02 13:47:06'),(28,'Nostrum et autem odio odio. Sed consectetur dolores quo. Veritatis cumque provident omnis enim est cum.\n\nCommodi ut quidem dolores. Quasi ducimus doloremque autem nemo error. Facere at qui dolorum. Nihil facilis rerum aspernatur numquam.\n\nCum ab in ullam dolores fuga. Omnis nobis et veritatis corporis. Suscipit alias repellat rerum exercitationem ratione. Ipsum sit totam adipisci autem qui incidunt qui saepe.\n\nAut voluptatem at sed quia sint nostrum similique. Est enim commodi animi nulla reprehenderit consequatur qui. Facere rerum culpa esse. Assumenda suscipit repudiandae rem ut corporis eligendi sint.\n\nEligendi quaerat quibusdam dolore sed vero labore. Quia quia excepturi nam. Aliquid veniam occaecati repellat at aliquid eaque.','provident tempore deserunt','Sed omnis magni sed non quibusdam totam.','2018-02-02 09:49:56',1,9,2,'2022-02-21 11:30:47','2022-03-02 13:47:06'),(29,'Nobis eum minima quisquam facere ut. In sapiente dolor labore iusto id quo dignissimos. Deserunt earum suscipit eos sit. Blanditiis quia facilis nulla quidem.\n\nAspernatur et amet esse quos. Iure perspiciatis veniam porro sit. Voluptatum aliquid deserunt molestiae autem.\n\nVoluptas atque nemo vel hic quas mollitia illum et. Modi id eius voluptas dolor. Magnam porro et voluptate.\n\nNobis nam numquam quam quae. Praesentium iste nam amet non. Voluptas aliquam error aut rem rerum. Itaque reiciendis sapiente et non sed.\n\nSint et qui in at molestias. Delectus et necessitatibus officia veritatis velit distinctio est. Suscipit aspernatur atque nulla odit explicabo repudiandae.','aut odio eveniet','Expedita nihil aperiam quis molestiae quia.','2014-12-25 06:45:20',0,5,4,'2022-02-24 16:36:57','2022-03-02 13:47:06'),(30,'Totam enim fugit quae suscipit ut. Rem aliquam ut quibusdam qui. Maiores nostrum est delectus.\n\nSuscipit est est eveniet commodi. Voluptatibus odio aliquid commodi commodi beatae. Consequuntur distinctio voluptas autem quisquam qui nobis.\n\nConsequuntur aut quo fuga ut omnis. Deserunt quo et necessitatibus earum consequatur.\n\nEt in quia consequatur perferendis voluptatem delectus doloribus nam. Et recusandae distinctio consequatur quisquam consequuntur non cupiditate et.\n\nQuia ullam quis aut recusandae est quo. Est ut aut quas. Sed sit tenetur delectus eveniet. Blanditiis aut ut odio deleniti iste assumenda rerum.','velit iusto ad','Possimus ut dolores aut aspernatur tempore omnis.','2015-09-23 05:06:29',0,2,1,'2022-02-26 09:35:18','2022-03-02 13:47:06');
/*!40000 ALTER TABLE `oeuvres` ENABLE KEYS */;
UNLOCK TABLES;

--
-- Table structure for table `password_resets`
--

DROP TABLE IF EXISTS `password_resets`;
/*!40101 SET @saved_cs_client     = @@character_set_client */;
/*!40101 SET character_set_client = utf8 */;
CREATE TABLE `password_resets` (
  `email` varchar(255) COLLATE utf8mb4_unicode_ci NOT NULL,
  `token` varchar(255) COLLATE utf8mb4_unicode_ci NOT NULL,
  `created_at` timestamp NULL DEFAULT NULL,
  KEY `password_resets_email_index` (`email`)
) ENGINE=InnoDB DEFAULT CHARSET=utf8mb4 COLLATE=utf8mb4_unicode_ci;
/*!40101 SET character_set_client = @saved_cs_client */;

--
-- Dumping data for table `password_resets`
--

LOCK TABLES `password_resets` WRITE;
/*!40000 ALTER TABLE `password_resets` DISABLE KEYS */;
/*!40000 ALTER TABLE `password_resets` ENABLE KEYS */;
UNLOCK TABLES;

--
-- Table structure for table `personal_access_tokens`
--

DROP TABLE IF EXISTS `personal_access_tokens`;
/*!40101 SET @saved_cs_client     = @@character_set_client */;
/*!40101 SET character_set_client = utf8 */;
CREATE TABLE `personal_access_tokens` (
  `id` bigint(20) unsigned NOT NULL AUTO_INCREMENT,
  `tokenable_type` varchar(255) COLLATE utf8mb4_unicode_ci NOT NULL,
  `tokenable_id` bigint(20) unsigned NOT NULL,
  `name` varchar(255) COLLATE utf8mb4_unicode_ci NOT NULL,
  `token` varchar(64) COLLATE utf8mb4_unicode_ci NOT NULL,
  `abilities` text COLLATE utf8mb4_unicode_ci,
  `last_used_at` timestamp NULL DEFAULT NULL,
  `created_at` timestamp NULL DEFAULT NULL,
  `updated_at` timestamp NULL DEFAULT NULL,
  PRIMARY KEY (`id`),
  UNIQUE KEY `personal_access_tokens_token_unique` (`token`),
  KEY `personal_access_tokens_tokenable_type_tokenable_id_index` (`tokenable_type`,`tokenable_id`)
) ENGINE=InnoDB DEFAULT CHARSET=utf8mb4 COLLATE=utf8mb4_unicode_ci;
/*!40101 SET character_set_client = @saved_cs_client */;

--
-- Dumping data for table `personal_access_tokens`
--

LOCK TABLES `personal_access_tokens` WRITE;
/*!40000 ALTER TABLE `personal_access_tokens` DISABLE KEYS */;
/*!40000 ALTER TABLE `personal_access_tokens` ENABLE KEYS */;
UNLOCK TABLES;

--
-- Table structure for table `photos`
--

DROP TABLE IF EXISTS `photos`;
/*!40101 SET @saved_cs_client     = @@character_set_client */;
/*!40101 SET character_set_client = utf8 */;
CREATE TABLE `photos` (
  `id` bigint(20) unsigned NOT NULL AUTO_INCREMENT,
  `photo` varchar(255) COLLATE utf8mb4_unicode_ci NOT NULL,
  `oeuvre_id` bigint(20) unsigned DEFAULT NULL,
  `collection_id` bigint(20) unsigned DEFAULT NULL,
  `categorie_id` bigint(20) unsigned DEFAULT NULL,
  `created_at` timestamp NULL DEFAULT NULL,
  `updated_at` timestamp NULL DEFAULT NULL,
  PRIMARY KEY (`id`),
  KEY `photos_oeuvre_id_foreign` (`oeuvre_id`),
  KEY `photos_collection_id_foreign` (`collection_id`),
  KEY `photos_categorie_id_foreign` (`categorie_id`),
  CONSTRAINT `photos_categorie_id_foreign` FOREIGN KEY (`categorie_id`) REFERENCES `categories` (`id`) ON DELETE CASCADE,
  CONSTRAINT `photos_collection_id_foreign` FOREIGN KEY (`collection_id`) REFERENCES `collections` (`id`) ON DELETE CASCADE,
  CONSTRAINT `photos_oeuvre_id_foreign` FOREIGN KEY (`oeuvre_id`) REFERENCES `oeuvres` (`id`) ON DELETE CASCADE
) ENGINE=InnoDB AUTO_INCREMENT=201 DEFAULT CHARSET=utf8mb4 COLLATE=utf8mb4_unicode_ci;
/*!40101 SET character_set_client = @saved_cs_client */;

--
-- Dumping data for table `photos`
--

LOCK TABLES `photos` WRITE;
/*!40000 ALTER TABLE `photos` DISABLE KEYS */;
INSERT INTO `photos` VALUES (1,'https://via.placeholder.com/640x480.png/004466?text=perspiciatis',19,NULL,NULL,'2022-02-24 23:53:59','2022-03-02 13:47:06'),(2,'https://via.placeholder.com/640x480.png/0011aa?text=adipisci',14,NULL,NULL,'2022-02-28 23:43:01','2022-03-02 13:47:06'),(3,'https://via.placeholder.com/640x480.png/00ff33?text=optio',27,NULL,NULL,'2022-02-24 10:14:50','2022-03-02 13:47:06'),(4,'https://via.placeholder.com/640x480.png/0066ff?text=sapiente',22,NULL,NULL,'2022-02-27 16:21:44','2022-03-02 13:47:06'),(5,'https://via.placeholder.com/640x480.png/0088cc?text=similique',18,NULL,NULL,'2022-02-25 01:38:58','2022-03-02 13:47:06'),(6,'https://via.placeholder.com/640x480.png/0066aa?text=omnis',3,NULL,NULL,'2022-02-24 21:01:37','2022-03-02 13:47:06'),(7,'https://via.placeholder.com/640x480.png/00bb11?text=adipisci',1,NULL,NULL,'2022-02-26 02:06:18','2022-03-02 13:47:06'),(8,'https://via.placeholder.com/640x480.png/003355?text=ea',28,NULL,NULL,'2022-02-25 14:00:04','2022-03-02 13:47:06'),(9,'https://via.placeholder.com/640x480.png/002233?text=ab',8,NULL,NULL,'2022-02-23 14:53:57','2022-03-02 13:47:06'),(10,'https://via.placeholder.com/640x480.png/00aa33?text=voluptatem',29,NULL,NULL,'2022-02-23 15:09:04','2022-03-02 13:47:06'),(11,'https://via.placeholder.com/640x480.png/008811?text=asperiores',18,NULL,NULL,'2022-02-27 00:17:52','2022-03-02 13:47:06'),(12,'https://via.placeholder.com/640x480.png/00cc66?text=corrupti',12,NULL,NULL,'2022-02-25 02:40:12','2022-03-02 13:47:06'),(13,'https://via.placeholder.com/640x480.png/00bb22?text=alias',6,NULL,NULL,'2022-02-24 00:18:36','2022-03-02 13:47:06'),(14,'https://via.placeholder.com/640x480.png/00aabb?text=enim',5,NULL,NULL,'2022-02-24 18:48:09','2022-03-02 13:47:06'),(15,'https://via.placeholder.com/640x480.png/00ee55?text=est',18,NULL,NULL,'2022-02-28 07:11:03','2022-03-02 13:47:06'),(16,'https://via.placeholder.com/640x480.png/006633?text=at',1,NULL,NULL,'2022-02-28 12:06:39','2022-03-02 13:47:06'),(17,'https://via.placeholder.com/640x480.png/001100?text=et',29,NULL,NULL,'2022-02-23 15:48:41','2022-03-02 13:47:06'),(18,'https://via.placeholder.com/640x480.png/006611?text=iure',3,NULL,NULL,'2022-02-27 17:19:33','2022-03-02 13:47:06'),(19,'https://via.placeholder.com/640x480.png/002222?text=voluptate',8,NULL,NULL,'2022-02-26 11:36:57','2022-03-02 13:47:06'),(20,'https://via.placeholder.com/640x480.png/007766?text=aspernatur',27,NULL,NULL,'2022-02-26 16:46:36','2022-03-02 13:47:06'),(21,'https://via.placeholder.com/640x480.png/00bbff?text=similique',18,NULL,NULL,'2022-02-24 10:53:08','2022-03-02 13:47:06'),(22,'https://via.placeholder.com/640x480.png/004466?text=soluta',9,NULL,NULL,'2022-02-24 11:27:55','2022-03-02 13:47:06'),(23,'https://via.placeholder.com/640x480.png/00dd99?text=temporibus',14,NULL,NULL,'2022-02-28 11:52:04','2022-03-02 13:47:06'),(24,'https://via.placeholder.com/640x480.png/008877?text=pariatur',13,NULL,NULL,'2022-02-26 06:22:23','2022-03-02 13:47:06'),(25,'https://via.placeholder.com/640x480.png/0022ee?text=aut',3,NULL,NULL,'2022-02-28 02:55:29','2022-03-02 13:47:06'),(26,'https://via.placeholder.com/640x480.png/00aa88?text=veniam',21,NULL,NULL,'2022-02-27 18:16:02','2022-03-02 13:47:06'),(27,'https://via.placeholder.com/640x480.png/0077cc?text=quibusdam',17,NULL,NULL,'2022-02-26 17:14:22','2022-03-02 13:47:06'),(28,'https://via.placeholder.com/640x480.png/00dd11?text=beatae',17,NULL,NULL,'2022-02-27 12:09:41','2022-03-02 13:47:06'),(29,'https://via.placeholder.com/640x480.png/00aaff?text=doloribus',23,NULL,NULL,'2022-02-28 19:51:44','2022-03-02 13:47:06'),(30,'https://via.placeholder.com/640x480.png/0000ff?text=unde',16,NULL,NULL,'2022-02-25 03:08:43','2022-03-02 13:47:06'),(31,'https://via.placeholder.com/640x480.png/006677?text=beatae',30,NULL,NULL,'2022-02-27 21:32:19','2022-03-02 13:47:06'),(32,'https://via.placeholder.com/640x480.png/0099aa?text=dolores',1,NULL,NULL,'2022-02-26 19:47:09','2022-03-02 13:47:06'),(33,'https://via.placeholder.com/640x480.png/008811?text=est',26,NULL,NULL,'2022-02-28 13:09:12','2022-03-02 13:47:06'),(34,'https://via.placeholder.com/640x480.png/006644?text=qui',27,NULL,NULL,'2022-02-27 17:29:14','2022-03-02 13:47:06'),(35,'https://via.placeholder.com/640x480.png/009911?text=consequuntur',11,NULL,NULL,'2022-02-28 09:41:05','2022-03-02 13:47:06'),(36,'https://via.placeholder.com/640x480.png/0011cc?text=expedita',20,NULL,NULL,'2022-02-27 02:37:44','2022-03-02 13:47:06'),(37,'https://via.placeholder.com/640x480.png/007799?text=in',22,NULL,NULL,'2022-02-25 23:46:00','2022-03-02 13:47:06'),(38,'https://via.placeholder.com/640x480.png/005533?text=tempora',24,NULL,NULL,'2022-02-24 08:01:34','2022-03-02 13:47:06'),(39,'https://via.placeholder.com/640x480.png/007711?text=aspernatur',24,NULL,NULL,'2022-02-27 07:34:15','2022-03-02 13:47:06'),(40,'https://via.placeholder.com/640x480.png/007755?text=ut',8,NULL,NULL,'2022-02-24 21:57:23','2022-03-02 13:47:06'),(41,'https://via.placeholder.com/640x480.png/007777?text=sapiente',6,NULL,NULL,'2022-02-27 18:03:17','2022-03-02 13:47:06'),(42,'https://via.placeholder.com/640x480.png/00ffff?text=repellendus',22,NULL,NULL,'2022-02-26 00:24:46','2022-03-02 13:47:06'),(43,'https://via.placeholder.com/640x480.png/0066ff?text=est',10,NULL,NULL,'2022-02-26 14:58:53','2022-03-02 13:47:06'),(44,'https://via.placeholder.com/640x480.png/008888?text=ut',30,NULL,NULL,'2022-02-24 18:38:17','2022-03-02 13:47:06'),(45,'https://via.placeholder.com/640x480.png/00aa22?text=perspiciatis',6,NULL,NULL,'2022-02-26 19:48:45','2022-03-02 13:47:06'),(46,'https://via.placeholder.com/640x480.png/006699?text=et',13,NULL,NULL,'2022-02-28 05:15:33','2022-03-02 13:47:06'),(47,'https://via.placeholder.com/640x480.png/00bb88?text=molestias',2,NULL,NULL,'2022-02-24 20:57:07','2022-03-02 13:47:06'),(48,'https://via.placeholder.com/640x480.png/008833?text=qui',2,NULL,NULL,'2022-02-24 20:19:21','2022-03-02 13:47:06'),(49,'https://via.placeholder.com/640x480.png/00aa66?text=ea',9,NULL,NULL,'2022-02-26 16:55:12','2022-03-02 13:47:06'),(50,'https://via.placeholder.com/640x480.png/00ee66?text=sapiente',13,NULL,NULL,'2022-02-25 06:52:04','2022-03-02 13:47:06'),(51,'https://via.placeholder.com/640x480.png/0066dd?text=et',26,NULL,NULL,'2022-02-25 07:55:32','2022-03-02 13:47:06'),(52,'https://via.placeholder.com/640x480.png/0000aa?text=sunt',8,NULL,NULL,'2022-02-25 03:12:06','2022-03-02 13:47:06'),(53,'https://via.placeholder.com/640x480.png/006600?text=autem',11,NULL,NULL,'2022-02-25 09:17:34','2022-03-02 13:47:06'),(54,'https://via.placeholder.com/640x480.png/000077?text=eveniet',29,NULL,NULL,'2022-02-25 02:29:15','2022-03-02 13:47:06'),(55,'https://via.placeholder.com/640x480.png/001199?text=est',13,NULL,NULL,'2022-02-28 02:46:03','2022-03-02 13:47:06'),(56,'https://via.placeholder.com/640x480.png/00cc88?text=nesciunt',21,NULL,NULL,'2022-02-27 16:43:33','2022-03-02 13:47:06'),(57,'https://via.placeholder.com/640x480.png/004400?text=voluptatem',2,NULL,NULL,'2022-02-26 00:44:49','2022-03-02 13:47:06'),(58,'https://via.placeholder.com/640x480.png/00cc66?text=hic',23,NULL,NULL,'2022-02-28 01:38:26','2022-03-02 13:47:06'),(59,'https://via.placeholder.com/640x480.png/0033ee?text=architecto',20,NULL,NULL,'2022-02-26 18:46:54','2022-03-02 13:47:06'),(60,'https://via.placeholder.com/640x480.png/008888?text=distinctio',30,NULL,NULL,'2022-02-25 07:24:55','2022-03-02 13:47:06'),(61,'https://via.placeholder.com/640x480.png/00cc55?text=non',5,NULL,NULL,'2022-02-27 20:17:58','2022-03-02 13:47:06'),(62,'https://via.placeholder.com/640x480.png/008866?text=sed',7,NULL,NULL,'2022-02-25 18:54:09','2022-03-02 13:47:06'),(63,'https://via.placeholder.com/640x480.png/0099bb?text=sunt',9,NULL,NULL,'2022-02-25 00:00:41','2022-03-02 13:47:06'),(64,'https://via.placeholder.com/640x480.png/006699?text=vitae',15,NULL,NULL,'2022-02-23 19:25:27','2022-03-02 13:47:06'),(65,'https://via.placeholder.com/640x480.png/0077cc?text=cum',12,NULL,NULL,'2022-02-28 12:22:34','2022-03-02 13:47:06'),(66,'https://via.placeholder.com/640x480.png/0033dd?text=qui',14,NULL,NULL,'2022-02-24 22:39:54','2022-03-02 13:47:06'),(67,'https://via.placeholder.com/640x480.png/00eebb?text=itaque',23,NULL,NULL,'2022-02-28 14:07:30','2022-03-02 13:47:06'),(68,'https://via.placeholder.com/640x480.png/00cc33?text=eius',7,NULL,NULL,'2022-02-27 11:42:43','2022-03-02 13:47:06'),(69,'https://via.placeholder.com/640x480.png/0077cc?text=nihil',21,NULL,NULL,'2022-02-25 12:16:01','2022-03-02 13:47:07'),(70,'https://via.placeholder.com/640x480.png/00aa00?text=ipsa',29,NULL,NULL,'2022-02-25 11:47:40','2022-03-02 13:47:07'),(71,'https://via.placeholder.com/640x480.png/006644?text=quaerat',26,NULL,NULL,'2022-02-28 16:43:31','2022-03-02 13:47:07'),(72,'https://via.placeholder.com/640x480.png/00ee99?text=natus',13,NULL,NULL,'2022-02-27 02:19:27','2022-03-02 13:47:07'),(73,'https://via.placeholder.com/640x480.png/000099?text=enim',16,NULL,NULL,'2022-02-28 18:27:18','2022-03-02 13:47:07'),(74,'https://via.placeholder.com/640x480.png/007744?text=nemo',11,NULL,NULL,'2022-02-28 06:09:52','2022-03-02 13:47:07'),(75,'https://via.placeholder.com/640x480.png/00bb22?text=facilis',5,NULL,NULL,'2022-02-26 12:10:30','2022-03-02 13:47:07'),(76,'https://via.placeholder.com/640x480.png/006644?text=beatae',8,NULL,NULL,'2022-02-28 14:23:27','2022-03-02 13:47:07'),(77,'https://via.placeholder.com/640x480.png/00ddaa?text=qui',4,NULL,NULL,'2022-02-26 14:13:00','2022-03-02 13:47:07'),(78,'https://via.placeholder.com/640x480.png/006688?text=autem',14,NULL,NULL,'2022-02-24 16:29:43','2022-03-02 13:47:07'),(79,'https://via.placeholder.com/640x480.png/00ddcc?text=et',17,NULL,NULL,'2022-02-26 05:26:03','2022-03-02 13:47:07'),(80,'https://via.placeholder.com/640x480.png/0099ee?text=minus',4,NULL,NULL,'2022-02-25 16:53:07','2022-03-02 13:47:07'),(81,'https://via.placeholder.com/640x480.png/0055bb?text=sit',7,NULL,NULL,'2022-02-28 02:42:44','2022-03-02 13:47:07'),(82,'https://via.placeholder.com/640x480.png/0022cc?text=mollitia',8,NULL,NULL,'2022-02-25 12:41:56','2022-03-02 13:47:07'),(83,'https://via.placeholder.com/640x480.png/00ee55?text=laboriosam',21,NULL,NULL,'2022-02-26 16:24:00','2022-03-02 13:47:07'),(84,'https://via.placeholder.com/640x480.png/0055ff?text=eum',17,NULL,NULL,'2022-02-27 09:45:03','2022-03-02 13:47:07'),(85,'https://via.placeholder.com/640x480.png/0000bb?text=consequatur',2,NULL,NULL,'2022-02-24 15:28:25','2022-03-02 13:47:07'),(86,'https://via.placeholder.com/640x480.png/00bb99?text=voluptas',21,NULL,NULL,'2022-02-27 00:02:49','2022-03-02 13:47:07'),(87,'https://via.placeholder.com/640x480.png/00ff11?text=consequatur',13,NULL,NULL,'2022-02-25 18:54:19','2022-03-02 13:47:07'),(88,'https://via.placeholder.com/640x480.png/0088dd?text=excepturi',6,NULL,NULL,'2022-02-27 01:10:50','2022-03-02 13:47:07'),(89,'https://via.placeholder.com/640x480.png/00cc66?text=et',18,NULL,NULL,'2022-02-23 16:52:05','2022-03-02 13:47:07'),(90,'https://via.placeholder.com/640x480.png/0033ee?text=et',24,NULL,NULL,'2022-02-24 01:38:43','2022-03-02 13:47:07'),(91,'https://via.placeholder.com/640x480.png/00dddd?text=voluptas',8,NULL,NULL,'2022-02-24 09:41:51','2022-03-02 13:47:07'),(92,'https://via.placeholder.com/640x480.png/003388?text=et',11,NULL,NULL,'2022-02-28 07:49:19','2022-03-02 13:47:07'),(93,'https://via.placeholder.com/640x480.png/00aaaa?text=quaerat',25,NULL,NULL,'2022-02-24 08:25:45','2022-03-02 13:47:07'),(94,'https://via.placeholder.com/640x480.png/00cc88?text=repellat',18,NULL,NULL,'2022-02-24 11:34:37','2022-03-02 13:47:07'),(95,'https://via.placeholder.com/640x480.png/008866?text=eos',21,NULL,NULL,'2022-02-25 06:05:47','2022-03-02 13:47:07'),(96,'https://via.placeholder.com/640x480.png/0088bb?text=eius',27,NULL,NULL,'2022-02-23 15:57:13','2022-03-02 13:47:07'),(97,'https://via.placeholder.com/640x480.png/005577?text=quia',15,NULL,NULL,'2022-02-24 21:21:45','2022-03-02 13:47:07'),(98,'https://via.placeholder.com/640x480.png/008822?text=minima',21,NULL,NULL,'2022-02-27 14:27:12','2022-03-02 13:47:07'),(99,'https://via.placeholder.com/640x480.png/00eeee?text=a',13,NULL,NULL,'2022-02-25 22:13:41','2022-03-02 13:47:07'),(100,'https://via.placeholder.com/640x480.png/004499?text=nostrum',23,NULL,NULL,'2022-02-24 12:17:48','2022-03-02 13:47:07'),(101,'https://via.placeholder.com/640x480.png/000044?text=pariatur',16,NULL,NULL,'2022-02-24 10:37:12','2022-03-02 13:47:07'),(102,'https://via.placeholder.com/640x480.png/00cc66?text=neque',8,NULL,NULL,'2022-02-28 00:14:41','2022-03-02 13:47:07'),(103,'https://via.placeholder.com/640x480.png/0011aa?text=aut',15,NULL,NULL,'2022-02-27 23:14:34','2022-03-02 13:47:07'),(104,'https://via.placeholder.com/640x480.png/0033dd?text=ex',14,NULL,NULL,'2022-02-26 10:56:24','2022-03-02 13:47:07'),(105,'https://via.placeholder.com/640x480.png/00dd22?text=accusantium',13,NULL,NULL,'2022-02-26 01:25:06','2022-03-02 13:47:07'),(106,'https://via.placeholder.com/640x480.png/00cc11?text=possimus',27,NULL,NULL,'2022-02-24 21:35:48','2022-03-02 13:47:07'),(107,'https://via.placeholder.com/640x480.png/004433?text=qui',6,NULL,NULL,'2022-02-25 13:42:33','2022-03-02 13:47:07'),(108,'https://via.placeholder.com/640x480.png/005522?text=nam',18,NULL,NULL,'2022-02-24 22:15:32','2022-03-02 13:47:07'),(109,'https://via.placeholder.com/640x480.png/0088aa?text=molestiae',10,NULL,NULL,'2022-02-27 23:51:04','2022-03-02 13:47:07'),(110,'https://via.placeholder.com/640x480.png/003366?text=ut',29,NULL,NULL,'2022-02-24 19:32:51','2022-03-02 13:47:07'),(111,'https://via.placeholder.com/640x480.png/00aaff?text=quis',21,NULL,NULL,'2022-02-24 03:26:57','2022-03-02 13:47:07'),(112,'https://via.placeholder.com/640x480.png/00cc66?text=sunt',29,NULL,NULL,'2022-02-26 21:47:21','2022-03-02 13:47:07'),(113,'https://via.placeholder.com/640x480.png/00aaff?text=est',13,NULL,NULL,'2022-02-25 14:15:44','2022-03-02 13:47:07'),(114,'https://via.placeholder.com/640x480.png/006611?text=et',8,NULL,NULL,'2022-02-25 11:28:06','2022-03-02 13:47:07'),(115,'https://via.placeholder.com/640x480.png/00aa99?text=voluptas',17,NULL,NULL,'2022-02-25 17:44:07','2022-03-02 13:47:07'),(116,'https://via.placeholder.com/640x480.png/00bb99?text=quo',6,NULL,NULL,'2022-02-28 04:36:24','2022-03-02 13:47:07'),(117,'https://via.placeholder.com/640x480.png/003355?text=iure',27,NULL,NULL,'2022-02-26 20:51:56','2022-03-02 13:47:07'),(118,'https://via.placeholder.com/640x480.png/00eeaa?text=totam',26,NULL,NULL,'2022-02-27 02:44:25','2022-03-02 13:47:07'),(119,'https://via.placeholder.com/640x480.png/0055dd?text=alias',14,NULL,NULL,'2022-02-27 12:34:35','2022-03-02 13:47:07'),(120,'https://via.placeholder.com/640x480.png/0011aa?text=nobis',29,NULL,NULL,'2022-02-26 18:34:14','2022-03-02 13:47:07'),(121,'https://via.placeholder.com/640x480.png/0099ee?text=qui',22,NULL,NULL,'2022-02-28 08:37:42','2022-03-02 13:47:07'),(122,'https://via.placeholder.com/640x480.png/004466?text=provident',13,NULL,NULL,'2022-02-28 13:10:42','2022-03-02 13:47:07'),(123,'https://via.placeholder.com/640x480.png/00aabb?text=vel',7,NULL,NULL,'2022-02-26 08:19:25','2022-03-02 13:47:07'),(124,'https://via.placeholder.com/640x480.png/00cccc?text=mollitia',7,NULL,NULL,'2022-02-26 19:47:07','2022-03-02 13:47:07'),(125,'https://via.placeholder.com/640x480.png/0011cc?text=dolores',29,NULL,NULL,'2022-02-27 17:36:51','2022-03-02 13:47:07'),(126,'https://via.placeholder.com/640x480.png/0044cc?text=rerum',3,NULL,NULL,'2022-02-26 09:30:18','2022-03-02 13:47:07'),(127,'https://via.placeholder.com/640x480.png/005555?text=doloremque',12,NULL,NULL,'2022-02-28 01:35:50','2022-03-02 13:47:07'),(128,'https://via.placeholder.com/640x480.png/00aa77?text=sit',15,NULL,NULL,'2022-02-24 08:53:30','2022-03-02 13:47:07'),(129,'https://via.placeholder.com/640x480.png/004466?text=consectetur',3,NULL,NULL,'2022-02-26 20:06:40','2022-03-02 13:47:07'),(130,'https://via.placeholder.com/640x480.png/00bb66?text=vero',4,NULL,NULL,'2022-02-25 18:12:43','2022-03-02 13:47:07'),(131,'https://via.placeholder.com/640x480.png/004499?text=ex',1,NULL,NULL,'2022-02-28 20:53:08','2022-03-02 13:47:07'),(132,'https://via.placeholder.com/640x480.png/008822?text=provident',12,NULL,NULL,'2022-02-25 23:05:41','2022-03-02 13:47:07'),(133,'https://via.placeholder.com/640x480.png/003344?text=tempora',4,NULL,NULL,'2022-02-27 03:33:09','2022-03-02 13:47:07'),(134,'https://via.placeholder.com/640x480.png/00bbff?text=beatae',20,NULL,NULL,'2022-02-24 00:30:08','2022-03-02 13:47:07'),(135,'https://via.placeholder.com/640x480.png/00cc22?text=ipsa',10,NULL,NULL,'2022-02-25 19:46:03','2022-03-02 13:47:07'),(136,'https://via.placeholder.com/640x480.png/007700?text=nemo',13,NULL,NULL,'2022-02-24 17:41:08','2022-03-02 13:47:07'),(137,'https://via.placeholder.com/640x480.png/00aaff?text=magnam',15,NULL,NULL,'2022-02-26 02:36:20','2022-03-02 13:47:07'),(138,'https://via.placeholder.com/640x480.png/007711?text=sunt',10,NULL,NULL,'2022-02-24 15:57:31','2022-03-02 13:47:07'),(139,'https://via.placeholder.com/640x480.png/00ee66?text=est',26,NULL,NULL,'2022-02-25 09:28:27','2022-03-02 13:47:07'),(140,'https://via.placeholder.com/640x480.png/0077cc?text=dolor',19,NULL,NULL,'2022-02-25 19:53:10','2022-03-02 13:47:07'),(141,'https://via.placeholder.com/640x480.png/003355?text=ut',21,NULL,NULL,'2022-02-27 10:20:34','2022-03-02 13:47:07'),(142,'https://via.placeholder.com/640x480.png/00aa44?text=libero',22,NULL,NULL,'2022-02-27 00:56:55','2022-03-02 13:47:07'),(143,'https://via.placeholder.com/640x480.png/00aa44?text=omnis',8,NULL,NULL,'2022-02-26 00:49:35','2022-03-02 13:47:07'),(144,'https://via.placeholder.com/640x480.png/0088dd?text=voluptatem',30,NULL,NULL,'2022-02-24 10:34:01','2022-03-02 13:47:07'),(145,'https://via.placeholder.com/640x480.png/00dddd?text=et',11,NULL,NULL,'2022-02-26 00:32:32','2022-03-02 13:47:07'),(146,'https://via.placeholder.com/640x480.png/008800?text=quo',29,NULL,NULL,'2022-02-27 07:38:00','2022-03-02 13:47:07'),(147,'https://via.placeholder.com/640x480.png/00cc99?text=voluptate',23,NULL,NULL,'2022-02-28 20:49:52','2022-03-02 13:47:07'),(148,'https://via.placeholder.com/640x480.png/0099ff?text=exercitationem',30,NULL,NULL,'2022-02-27 05:48:09','2022-03-02 13:47:07'),(149,'https://via.placeholder.com/640x480.png/002266?text=error',15,NULL,NULL,'2022-02-28 05:20:41','2022-03-02 13:47:07'),(150,'https://via.placeholder.com/640x480.png/00bb88?text=labore',9,NULL,NULL,'2022-02-27 14:44:42','2022-03-02 13:47:07'),(151,'https://via.placeholder.com/640x480.png/0011bb?text=dolores',17,NULL,NULL,'2022-02-26 06:40:48','2022-03-02 13:47:07'),(152,'https://via.placeholder.com/640x480.png/001100?text=laborum',28,NULL,NULL,'2022-02-25 12:32:46','2022-03-02 13:47:07'),(153,'https://via.placeholder.com/640x480.png/0088ff?text=dolor',12,NULL,NULL,'2022-02-27 10:42:35','2022-03-02 13:47:07'),(154,'https://via.placeholder.com/640x480.png/00ee66?text=eligendi',18,NULL,NULL,'2022-02-26 16:36:41','2022-03-02 13:47:07'),(155,'https://via.placeholder.com/640x480.png/0077ee?text=facilis',11,NULL,NULL,'2022-02-28 21:29:35','2022-03-02 13:47:07'),(156,'https://via.placeholder.com/640x480.png/003388?text=et',20,NULL,NULL,'2022-02-25 04:26:55','2022-03-02 13:47:07'),(157,'https://via.placeholder.com/640x480.png/00aa22?text=ullam',17,NULL,NULL,'2022-02-26 14:03:09','2022-03-02 13:47:07'),(158,'https://via.placeholder.com/640x480.png/00ff33?text=aut',20,NULL,NULL,'2022-02-28 12:12:43','2022-03-02 13:47:07'),(159,'https://via.placeholder.com/640x480.png/0088ff?text=error',5,NULL,NULL,'2022-02-25 21:20:08','2022-03-02 13:47:07'),(160,'https://via.placeholder.com/640x480.png/0044bb?text=quia',8,NULL,NULL,'2022-02-28 19:26:49','2022-03-02 13:47:07'),(161,'https://via.placeholder.com/640x480.png/002266?text=et',16,NULL,NULL,'2022-02-26 22:07:55','2022-03-02 13:47:07'),(162,'https://via.placeholder.com/640x480.png/00cc00?text=dolores',16,NULL,NULL,'2022-02-27 07:29:31','2022-03-02 13:47:07'),(163,'https://via.placeholder.com/640x480.png/008800?text=quisquam',3,NULL,NULL,'2022-02-26 05:29:50','2022-03-02 13:47:07'),(164,'https://via.placeholder.com/640x480.png/003311?text=eos',25,NULL,NULL,'2022-02-26 11:48:22','2022-03-02 13:47:07'),(165,'https://via.placeholder.com/640x480.png/0000bb?text=voluptatem',23,NULL,NULL,'2022-02-27 16:12:40','2022-03-02 13:47:07'),(166,'https://via.placeholder.com/640x480.png/00cc33?text=sit',21,NULL,NULL,'2022-02-24 06:42:01','2022-03-02 13:47:07'),(167,'https://via.placeholder.com/640x480.png/00bbee?text=eum',12,NULL,NULL,'2022-02-27 16:36:11','2022-03-02 13:47:07'),(168,'https://via.placeholder.com/640x480.png/002200?text=provident',19,NULL,NULL,'2022-02-26 20:00:30','2022-03-02 13:47:07'),(169,'https://via.placeholder.com/640x480.png/00dd99?text=voluptates',4,NULL,NULL,'2022-02-25 23:42:21','2022-03-02 13:47:07'),(170,'https://via.placeholder.com/640x480.png/0077dd?text=voluptatem',30,NULL,NULL,'2022-02-28 22:32:13','2022-03-02 13:47:07'),(171,'https://via.placeholder.com/640x480.png/00aa00?text=alias',4,NULL,NULL,'2022-02-28 16:04:57','2022-03-02 13:47:07'),(172,'https://via.placeholder.com/640x480.png/003399?text=nisi',20,NULL,NULL,'2022-02-24 12:03:08','2022-03-02 13:47:07'),(173,'https://via.placeholder.com/640x480.png/0055ee?text=praesentium',24,NULL,NULL,'2022-02-26 13:39:48','2022-03-02 13:47:07'),(174,'https://via.placeholder.com/640x480.png/0011aa?text=minus',29,NULL,NULL,'2022-02-27 16:14:33','2022-03-02 13:47:07'),(175,'https://via.placeholder.com/640x480.png/005588?text=optio',16,NULL,NULL,'2022-02-27 20:57:19','2022-03-02 13:47:07'),(176,'https://via.placeholder.com/640x480.png/00ee00?text=doloremque',11,NULL,NULL,'2022-02-28 00:51:57','2022-03-02 13:47:07'),(177,'https://via.placeholder.com/640x480.png/002266?text=recusandae',3,NULL,NULL,'2022-02-27 17:37:13','2022-03-02 13:47:07'),(178,'https://via.placeholder.com/640x480.png/0000bb?text=ipsam',30,NULL,NULL,'2022-02-27 18:03:45','2022-03-02 13:47:07'),(179,'https://via.placeholder.com/640x480.png/00aa33?text=laborum',10,NULL,NULL,'2022-02-27 08:28:22','2022-03-02 13:47:07'),(180,'https://via.placeholder.com/640x480.png/004499?text=ut',10,NULL,NULL,'2022-02-27 05:04:24','2022-03-02 13:47:07'),(181,'https://via.placeholder.com/640x480.png/00aa00?text=repudiandae',23,NULL,NULL,'2022-02-25 09:56:37','2022-03-02 13:47:07'),(182,'https://via.placeholder.com/640x480.png/0044aa?text=vel',25,NULL,NULL,'2022-02-28 14:20:46','2022-03-02 13:47:07'),(183,'https://via.placeholder.com/640x480.png/0055cc?text=harum',25,NULL,NULL,'2022-02-25 03:48:17','2022-03-02 13:47:07'),(184,'https://via.placeholder.com/640x480.png/0055aa?text=ea',7,NULL,NULL,'2022-02-24 03:24:32','2022-03-02 13:47:07'),(185,'https://via.placeholder.com/640x480.png/007711?text=et',17,NULL,NULL,'2022-02-23 14:12:37','2022-03-02 13:47:07'),(186,'https://via.placeholder.com/640x480.png/0055aa?text=dignissimos',7,NULL,NULL,'2022-02-26 18:17:29','2022-03-02 13:47:07'),(187,'https://via.placeholder.com/640x480.png/007700?text=voluptas',7,NULL,NULL,'2022-02-26 04:39:31','2022-03-02 13:47:07'),(188,'https://via.placeholder.com/640x480.png/0022aa?text=laboriosam',12,NULL,NULL,'2022-02-25 21:56:56','2022-03-02 13:47:07'),(189,'https://via.placeholder.com/640x480.png/00ffbb?text=rerum',22,NULL,NULL,'2022-02-27 13:56:34','2022-03-02 13:47:07'),(190,'https://via.placeholder.com/640x480.png/00cc66?text=iusto',17,NULL,NULL,'2022-02-27 14:00:48','2022-03-02 13:47:07'),(191,'https://via.placeholder.com/640x480.png/00ddaa?text=unde',11,NULL,NULL,'2022-02-26 07:12:09','2022-03-02 13:47:07'),(192,'https://via.placeholder.com/640x480.png/0000aa?text=natus',25,NULL,NULL,'2022-02-25 17:23:23','2022-03-02 13:47:07'),(193,'https://via.placeholder.com/640x480.png/0066aa?text=occaecati',23,NULL,NULL,'2022-02-28 02:57:22','2022-03-02 13:47:07'),(194,'https://via.placeholder.com/640x480.png/003355?text=omnis',19,NULL,NULL,'2022-02-23 19:48:01','2022-03-02 13:47:07'),(195,'https://via.placeholder.com/640x480.png/0044ff?text=sint',20,NULL,NULL,'2022-02-26 10:36:29','2022-03-02 13:47:07'),(196,'https://via.placeholder.com/640x480.png/00aaff?text=ipsa',24,NULL,NULL,'2022-02-28 20:00:07','2022-03-02 13:47:07'),(197,'https://via.placeholder.com/640x480.png/00ee55?text=iusto',29,NULL,NULL,'2022-02-25 17:45:47','2022-03-02 13:47:07'),(198,'https://via.placeholder.com/640x480.png/0044cc?text=velit',26,NULL,NULL,'2022-02-27 04:00:16','2022-03-02 13:47:07'),(199,'https://via.placeholder.com/640x480.png/00cc88?text=quibusdam',3,NULL,NULL,'2022-02-27 11:38:07','2022-03-02 13:47:07'),(200,'https://via.placeholder.com/640x480.png/0088ee?text=rerum',10,NULL,NULL,'2022-02-23 18:05:35','2022-03-02 13:47:07');
/*!40000 ALTER TABLE `photos` ENABLE KEYS */;
UNLOCK TABLES;

--
-- Table structure for table `users`
--

DROP TABLE IF EXISTS `users`;
/*!40101 SET @saved_cs_client     = @@character_set_client */;
/*!40101 SET character_set_client = utf8 */;
CREATE TABLE `users` (
  `id` bigint(20) unsigned NOT NULL AUTO_INCREMENT,
  `name` varchar(255) COLLATE utf8mb4_unicode_ci NOT NULL,
  `email` varchar(255) COLLATE utf8mb4_unicode_ci NOT NULL,
  `email_verified_at` timestamp NULL DEFAULT NULL,
  `password` varchar(255) COLLATE utf8mb4_unicode_ci NOT NULL,
  `remember_token` varchar(100) COLLATE utf8mb4_unicode_ci DEFAULT NULL,
  `created_at` timestamp NULL DEFAULT NULL,
  `updated_at` timestamp NULL DEFAULT NULL,
  `is_admin` tinyint(1) NOT NULL DEFAULT '0',
  PRIMARY KEY (`id`),
  UNIQUE KEY `users_email_unique` (`email`)
) ENGINE=InnoDB AUTO_INCREMENT=2 DEFAULT CHARSET=utf8mb4 COLLATE=utf8mb4_unicode_ci;
/*!40101 SET character_set_client = @saved_cs_client */;

--
-- Dumping data for table `users`
--

LOCK TABLES `users` WRITE;
/*!40000 ALTER TABLE `users` DISABLE KEYS */;
INSERT INTO `users` VALUES (1,'Admin','admin@admin.com','2022-03-02 13:47:07','$2y$10$92IXUNpkjO0rOQ5byMi.Ye4oKoEa3Ro9llC/.og/at2.uheWG/igi','ekz8qu3xcR','2022-03-02 13:47:07','2022-03-02 13:47:07',1);
/*!40000 ALTER TABLE `users` ENABLE KEYS */;
UNLOCK TABLES;
/*!40103 SET TIME_ZONE=@OLD_TIME_ZONE */;

/*!40101 SET SQL_MODE=@OLD_SQL_MODE */;
/*!40014 SET FOREIGN_KEY_CHECKS=@OLD_FOREIGN_KEY_CHECKS */;
/*!40014 SET UNIQUE_CHECKS=@OLD_UNIQUE_CHECKS */;
/*!40101 SET CHARACTER_SET_CLIENT=@OLD_CHARACTER_SET_CLIENT */;
/*!40101 SET CHARACTER_SET_RESULTS=@OLD_CHARACTER_SET_RESULTS */;
/*!40101 SET COLLATION_CONNECTION=@OLD_COLLATION_CONNECTION */;
/*!40111 SET SQL_NOTES=@OLD_SQL_NOTES */;

-- Dump completed on 2022-03-04 11:01:52
