-- MySQL dump 10.13  Distrib 5.7.36, for Linux (x86_64)
--
-- Host: localhost    Database: cibot
-- ------------------------------------------------------
-- Server version	5.7.36

/*!40101 SET @OLD_CHARACTER_SET_CLIENT=@@CHARACTER_SET_CLIENT */;
/*!40101 SET @OLD_CHARACTER_SET_RESULTS=@@CHARACTER_SET_RESULTS */;
/*!40101 SET @OLD_COLLATION_CONNECTION=@@COLLATION_CONNECTION */;
/*!40101 SET NAMES utf8 */;
/*!40103 SET @OLD_TIME_ZONE=@@TIME_ZONE */;
/*!40103 SET TIME_ZONE='+00:00' */;
/*!40014 SET @OLD_UNIQUE_CHECKS=@@UNIQUE_CHECKS, UNIQUE_CHECKS=0 */;
/*!40014 SET @OLD_FOREIGN_KEY_CHECKS=@@FOREIGN_KEY_CHECKS, FOREIGN_KEY_CHECKS=0 */;
/*!40101 SET @OLD_SQL_MODE=@@SQL_MODE, SQL_MODE='NO_AUTO_VALUE_ON_ZERO' */;
/*!40111 SET @OLD_SQL_NOTES=@@SQL_NOTES, SQL_NOTES=0 */;

--
-- Table structure for table `actualites`
--

DROP TABLE IF EXISTS `actualites`;
/*!40101 SET @saved_cs_client     = @@character_set_client */;
/*!40101 SET character_set_client = utf8 */;
CREATE TABLE `actualites` (
  `id` bigint(20) unsigned NOT NULL AUTO_INCREMENT,
  `titre` varchar(255) COLLATE utf8mb4_unicode_ci NOT NULL,
  `description` longtext COLLATE utf8mb4_unicode_ci NOT NULL,
  `active` tinyint(1) DEFAULT '0',
  `titl_seo` varchar(255) COLLATE utf8mb4_unicode_ci DEFAULT NULL,
  `description_seo` mediumtext COLLATE utf8mb4_unicode_ci,
  `photo` varchar(255) COLLATE utf8mb4_unicode_ci NOT NULL,
  `position` int(11) NOT NULL,
  `created_at` timestamp NULL DEFAULT NULL,
  `updated_at` timestamp NULL DEFAULT NULL,
  PRIMARY KEY (`id`),
  UNIQUE KEY `actualites_position_unique` (`position`)
) ENGINE=InnoDB AUTO_INCREMENT=11 DEFAULT CHARSET=utf8mb4 COLLATE=utf8mb4_unicode_ci;
/*!40101 SET character_set_client = @saved_cs_client */;

--
-- Dumping data for table `actualites`
--

LOCK TABLES `actualites` WRITE;
/*!40000 ALTER TABLE `actualites` DISABLE KEYS */;
INSERT INTO `actualites` VALUES (1,'Voluptatum sequi qui aut tenetur non ut.','Et qui odit ipsam commodi temporibus perferendis perspiciatis inventore. Adipisci aut laudantium dolores voluptatibus aspernatur. Architecto aut ut est tenetur odit atque.\r\n\r\nQui maxime quia neque voluptatibus. A fugit molestias ut amet nemo aliquid dolorum. Tempore numquam rerum aut laborum. Architecto repellat ipsum velit magnam porro.\r\n\r\nReiciendis laudantium incidunt sed laudantium. Veritatis voluptates molestias quis. Et quisquam voluptatem est aperiam impedit sed sunt.\r\n\r\nVoluptate tenetur eum tenetur voluptatem. Eum eveniet aliquam praesentium ut expedita. Quia enim accusantium dolor earum natus laudantium nulla voluptatibus. Quia harum eum aliquid tempora suscipit perspiciatis minus.\r\n\r\nQuisquam consequuntur qui repellendus. Ratione et at maxime temporibus. Et quia quod facilis corporis consequatur iusto.',0,NULL,NULL,'actualites/voluptatum-sequi-qui-aut-tenetur-non-ut.jpg',10,'2022-02-14 20:36:12','2022-04-25 09:39:44'),(2,'Suscipit dolore qui consequatur iste nostrum in facere.','Dolores neque sed sapiente dignissimos id qui fuga. Sunt optio minus dolor aliquam dicta. Debitis dolorem non ullam dicta aliquam eveniet unde quia.\r\n\r\nQuae iure placeat inventore voluptatem aut. Velit sit deleniti ipsa distinctio maiores hic. At sit vel fugit ea voluptates. Doloremque molestiae dolores molestiae quibusdam. Qui distinctio qui voluptatum commodi est.\r\n\r\nTempore fugit distinctio placeat recusandae. Qui eum rerum deleniti voluptatibus et. Nulla doloremque possimus ratione accusantium quibusdam eius animi.\r\n\r\nEnim vitae dolorem excepturi minus aut tempore. Quo tenetur eos quos aut eos in. Et rerum nihil ullam doloribus deleniti sit consequuntur. Debitis nihil nemo vitae et rem. Saepe enim incidunt dicta voluptas veniam illum.\r\n\r\nAccusamus accusamus est veritatis non. Quia quae officiis aut sit dicta aliquid eum. Est commodi aut non vel corporis.',1,NULL,NULL,'actualites/suscipit-dolore-qui-consequatur-iste-nostrum-in-facere.jpg',3,'2022-03-18 02:46:16','2022-04-25 09:39:12'),(3,'Aut qui ullam exercitationem modi et.','Totam nulla sint nisi distinctio dignissimos. Possimus est accusamus praesentium expedita mollitia. Dolorum sit consequatur fugiat dolores. In facere excepturi voluptas.\r\n\r\nQuia deleniti perferendis sunt sed odio ut. Odit odio cumque qui perspiciatis earum eaque laboriosam quasi. Eaque ut laboriosam ea voluptas.\r\n\r\nMinus rem suscipit est assumenda suscipit delectus beatae. Est id earum vitae. Voluptatem inventore hic nam sapiente. Et voluptas nemo incidunt quo sed quia nam. Porro doloribus magnam est earum aut.\r\n\r\nVelit laboriosam optio accusantium quas autem. Voluptatum fugiat necessitatibus incidunt maiores. Nostrum beatae at molestiae porro.\r\n\r\nEnim eum qui doloremque aut deserunt quas. Aspernatur provident libero tenetur assumenda provident autem ea non. Ipsa inventore et sed id omnis officia maxime doloribus. Omnis cumque vel sunt et aut ex.',0,NULL,NULL,'actualites/aut-qui-ullam-exercitationem-modi-et.jpg',5,'2022-02-20 17:32:18','2022-04-25 09:39:27'),(4,'Blanditiis modi quos voluptas.','Eius eligendi ut qui aperiam asperiores sint. Eos consectetur et sit. Magnam mollitia molestiae fugiat perspiciatis alias nobis eligendi. Dicta ea aspernatur saepe ab repellendus.\r\n\r\nIllum dolorem reprehenderit at laborum necessitatibus recusandae. Quis consequatur sapiente cupiditate aliquam quidem dicta nobis impedit. Cumque blanditiis ex atque tempora consequuntur vitae.\r\n\r\nVeniam molestias numquam iste architecto rerum natus esse. Sunt sed sit et autem eos voluptatem ratione. Consequatur quia corporis voluptas dignissimos quis nihil. Et tempore recusandae excepturi ipsum.\r\n\r\nQui ratione non odit commodi. Vel ut enim perferendis rerum temporibus et repellendus ea. Voluptatem voluptatum sapiente reprehenderit consectetur.\r\n\r\nAccusamus neque molestiae nihil nesciunt et veniam. Odit soluta ut quod dolore dolorum. Quam eveniet sit possimus deleniti architecto voluptatem consequuntur vel. Quia doloribus reiciendis quasi ipsum.',1,NULL,NULL,'actualites/blanditiis-modi-quos-voluptas.jpg',8,'2022-03-28 20:43:38','2022-04-25 09:38:59'),(5,'Magni provident assumenda pariatur.','Quia incidunt vel aspernatur illo consequatur tenetur explicabo. Aperiam odio laudantium illo vel ab. Sunt quibusdam nemo facere. Qui provident consequuntur quasi repudiandae quas et quis.\r\n\r\nConsequuntur voluptatum voluptatem quam. Amet sequi aliquam nisi ex laborum fugit voluptatem. Totam impedit corporis quod voluptatibus. Aut id facilis dolorem laboriosam illo ad. Quod vel laborum dicta sit adipisci optio.\r\n\r\nEt sit qui voluptates voluptas soluta. Iste explicabo omnis aut enim pariatur natus labore. Ipsam possimus omnis nemo quos tenetur sed fugiat.\r\n\r\nQuis consequatur praesentium iusto sed in omnis. Est ut rerum ut nisi consequatur facilis qui. Exercitationem est dolorem qui repellendus est molestiae quia. Quia aut ab et.\r\n\r\nQuis sunt temporibus qui a soluta provident ab. Nostrum optio officia dolorem hic. Dolore libero magnam illum. Earum possimus quia tempora dolores.',1,NULL,NULL,'actualites/magni-provident-assumenda-pariatur.jpg',4,'2022-01-29 05:19:09','2022-04-25 09:39:59'),(6,'Sit culpa odio alias harum facilis aut.','Adipisci quia quis magni molestiae non ullam consequatur. Rem voluptates architecto commodi qui reprehenderit nostrum perspiciatis. Optio non ipsum ab numquam temporibus est.\r\n\r\nAut officiis quam eum placeat. Explicabo quis sunt molestias magni. Id ut nesciunt deleniti doloremque facilis laborum eaque. Blanditiis incidunt iste iste aliquam assumenda.\r\n\r\nUt omnis possimus iusto cum. Nemo architecto non repellendus. Ut id nesciunt quia rerum nemo. Sunt nulla maiores ut ut.\r\n\r\nCorporis deserunt et deserunt. Dolorem non earum error natus quod consectetur. Dolores dolorem nostrum voluptatem tenetur illo delectus blanditiis repellat.\r\n\r\nCumque qui sit repudiandae magnam beatae molestiae. Dolorum dignissimos sunt eum. Debitis doloremque esse doloremque. Cum est accusamus sed sit nesciunt.',1,NULL,NULL,'actualites/sit-culpa-odio-alias-harum-facilis-aut.jpg',9,'2022-04-06 06:04:13','2022-04-25 09:38:30'),(7,'Natus officia voluptate ipsam necessitatibus labore quidem.','Sed enim ut incidunt a qui. Odit et nesciunt omnis id quisquam neque. Est deserunt mollitia sit. Excepturi optio hic sit.\r\n\r\nProvident quia exercitationem enim velit perspiciatis vitae. Repellat hic alias praesentium error sunt labore quia. Quod rerum ea nesciunt hic vel aut animi.\r\n\r\nEst occaecati facere et ut quis quia adipisci. Odit aliquam maiores deleniti est optio ullam. Similique harum laboriosam nulla aliquam eaque sit.\r\n\r\nAt magni amet eveniet ea saepe ducimus ipsa. Quia sint libero hic voluptas ratione sed maxime cumque. Consequuntur aspernatur ab sint sequi dignissimos. Et consequatur in quidem deleniti.\r\n\r\nDoloremque fuga accusantium rerum omnis qui natus est. Rerum aut rerum eius quaerat illo fugit. Tempore fuga labore eaque omnis nihil consectetur quis. Perspiciatis rerum culpa et.',1,NULL,NULL,'actualites/natus-officia-voluptate-ipsam-necessitatibus-labore-quidem.jpg',1,'2022-04-14 14:46:17','2022-04-25 09:37:54'),(8,'Animi pariatur fugiat illum officia est nihil.','Ut aliquam rem natus et ea et. Quis dicta rem molestiae alias. Id molestiae ab tempore maxime voluptatem. Aliquid ut illo occaecati corrupti illum repellat.\r\n\r\nIpsum harum sequi enim incidunt distinctio et quos odio. Explicabo quas vero qui perspiciatis iste excepturi. Laudantium autem est provident consequuntur. Quo voluptas in ab id magni in.\r\n\r\nEligendi sit corporis quia temporibus. Enim qui inventore voluptas. Ipsa illum dolorem nesciunt molestias eos et unde. Vero aliquid excepturi vel quo. Corporis optio consequuntur dicta nulla voluptatibus debitis unde accusamus.\r\n\r\nQuisquam expedita qui voluptatum. Eum quos dicta doloribus incidunt sed quibusdam beatae.\r\n\r\nQuam nihil labore quidem id soluta et. Quisquam iusto possimus earum sint ex in harum. Natus blanditiis voluptatem reprehenderit necessitatibus qui deleniti inventore.',0,NULL,NULL,'actualites/animi-pariatur-fugiat-illum-officia-est-nihil.jpg',6,'2022-04-06 06:31:40','2022-04-25 09:38:06'),(9,'Consequuntur quia consectetur qui ex officia ea minus.','Reiciendis molestias dolores dolorum placeat modi reiciendis. Sit reprehenderit voluptatem et eos sed sunt. Reprehenderit impedit animi cupiditate dolorem ea. Consequatur aut tempora tenetur.\r\n\r\nQui tenetur voluptas non beatae doloremque fugiat recusandae. Reprehenderit neque provident nihil. Iste aut quidem exercitationem id optio voluptas quam. Aut ut velit laboriosam consequatur.\r\n\r\nQuo accusantium voluptatem tempora amet dolorem fugiat. Non cumque qui non. Accusamus quia enim porro ullam. Itaque sint maxime qui ut ea impedit corrupti cupiditate.\r\n\r\nCorporis architecto vero qui pariatur unde et. Dolore qui sequi molestiae et numquam. Aut minima eos omnis eos assumenda maxime.\r\n\r\nTotam delectus eius laboriosam explicabo consequuntur. Dolor et ut sunt dolorem.',0,NULL,NULL,'actualites/consequuntur-quia-consectetur-qui-ex-officia-ea-minus.jpg',2,'2022-04-03 05:50:09','2022-04-25 09:38:46'),(10,'Itaque necessitatibus quia natus qui velit sint explicabo.','Molestiae error nulla aut eum. Animi ullam hic delectus nulla vel id nisi. Dignissimos labore est inventore.\r\n\r\nDignissimos praesentium eligendi et quo esse. Nulla assumenda voluptatem totam tempora ratione. Fugiat ducimus laudantium et. Architecto totam autem commodi dolores.\r\n\r\nCorporis deleniti nemo reiciendis numquam dignissimos et. Voluptatem alias facere sit a nisi. Sed sed enim omnis non officiis dolore. Sit ad quia fugiat mollitia qui ex eaque.\r\n\r\nNon quo enim aperiam. Repudiandae architecto provident voluptates corrupti dolorem. Deserunt doloribus et laboriosam autem vel quam. Officiis aut enim amet error non porro. Animi sint odio ullam qui blanditiis voluptas quae.\r\n\r\nId voluptate aliquid illum. Ex quis qui labore esse in. Quia nihil quia sed ut officiis.',1,NULL,NULL,'actualites/itaque-necessitatibus-quia-natus-qui-velit-sint-explicabo.jpg',7,'2022-04-22 01:46:39','2022-04-25 09:37:43');
/*!40000 ALTER TABLE `actualites` ENABLE KEYS */;
UNLOCK TABLES;

--
-- Table structure for table `categories`
--

DROP TABLE IF EXISTS `categories`;
/*!40101 SET @saved_cs_client     = @@character_set_client */;
/*!40101 SET character_set_client = utf8 */;
CREATE TABLE `categories` (
  `id` bigint(20) unsigned NOT NULL AUTO_INCREMENT,
  `titre` varchar(255) COLLATE utf8mb4_unicode_ci NOT NULL,
  `sous_titre` varchar(255) COLLATE utf8mb4_unicode_ci NOT NULL,
  `description` longtext COLLATE utf8mb4_unicode_ci NOT NULL,
  `created_at` timestamp NULL DEFAULT NULL,
  `updated_at` timestamp NULL DEFAULT NULL,
  PRIMARY KEY (`id`)
) ENGINE=InnoDB AUTO_INCREMENT=27 DEFAULT CHARSET=utf8mb4 COLLATE=utf8mb4_unicode_ci;
/*!40101 SET character_set_client = @saved_cs_client */;

--
-- Dumping data for table `categories`
--

LOCK TABLES `categories` WRITE;
/*!40000 ALTER TABLE `categories` DISABLE KEYS */;
INSERT INTO `categories` VALUES (1,'Monuments','this is a cool monument','Vestibulum ac diam sit amet quam vehicula elementum sed sit amet dui. Nulla porttitor accumsan tincidunt. Quisque velit nisi, pretium ut lacinia in, elementum id enim.','2022-04-25 09:47:46','2022-04-25 09:47:46'),(2,'Bustes','this is a cool buste','Vivamus magna justo, lacinia eget consectetur sed, convallis at tellus. Vivamus suscipit tortor eget felis porttitor volutpat. Sed porttitor lectus nibh.','2022-04-25 09:48:28','2022-04-25 09:48:28'),(3,'Figures en pied','this is a cool figure','Nulla porttitor accumsan tincidunt. Nulla porttitor accumsan tincidunt. Vestibulum ac diam sit amet quam vehicula elementum sed sit amet dui.','2022-04-25 09:49:10','2022-04-25 09:49:10'),(4,'Grands Formats','this is a cool grand format','Curabitur aliquet quam id dui posuere blandit. Nulla quis lorem ut libero malesuada feugiat. Nulla quis lorem ut libero malesuada feugiat.','2022-04-25 09:49:45','2022-04-25 09:49:45'),(5,'Bronze','this is a cool bronze','Sed porttitor lectus nibh. Proin eget tortor risus. Sed porttitor lectus nibh.','2022-04-25 09:50:17','2022-04-25 09:50:17'),(6,'Résine colorée','this is a cool résine','Donec sollicitudin molestie malesuada. Vivamus suscipit tortor eget felis porttitor volutpat. Mauris blandit aliquet elit, eget tincidunt nibh pulvinar a.','2022-04-25 09:51:00','2022-04-25 09:51:00'),(7,'Les Elfes','Quisque velit nisi, pretium ut lacinia in','Elementum id enim. Nulla porttitor accumsan tincidunt. Lorem ipsum dolor sit amet, consectetur adipiscing elit.','2022-04-27 10:32:38','2022-04-27 10:32:38'),(8,'Série Autre-Monde','Curabitur arcu erat','Accumsan id imperdiet et, porttitor at sem. Praesent sapien massa, convallis a pellentesque nec, egestas non nisi. Lorem ipsum dolor sit amet, consectetur adipiscing elit.','2022-04-27 10:33:22','2022-04-27 10:33:22'),(9,'Maternités','Lorem ipsum dolor','Sit amet, consectetur adipiscing elit. Curabitur arcu erat, accumsan id imperdiet et, porttitor at sem. Vestibulum ac diam sit amet quam vehicula elementum sed sit amet dui.','2022-04-27 10:34:29','2022-04-27 10:34:29'),(10,'\'Les Belles\'','Sed porttitor lectus nibh','Vivamus magna justo, lacinia eget consectetur sed, convallis at tellus. Vivamus suscipit tortor eget felis porttitor volutpat.','2022-04-27 10:35:35','2022-04-27 10:35:35'),(11,'Rakus','Quisque velit nisi','Pretium ut lacinia in, elementum id enim. Curabitur aliquet quam id dui posuere blandit.','2022-04-27 10:37:30','2022-04-27 10:37:30'),(12,'Sanguines et petits formats','Quisque velit nisi','Pretium ut lacinia in, elementum id enim. Curabitur arcu erat, accumsan id imperdiet et, porttitor at sem. Nulla porttitor accumsan tincidunt.','2022-04-27 10:38:26','2022-04-27 10:38:26'),(13,'Pâtes de verre','Mauris blandit','Aliquet elit, eget tincidunt nibh pulvinar a. Praesent sapien massa, convallis a pellentesque nec, egestas non nisi. Proin eget tortor risus.','2022-04-27 10:39:24','2022-04-27 10:39:24'),(14,'Bronze et cristal','Cras ultricies ligula','Sed magna dictum porta. Proin eget tortor risus. Lorem ipsum dolor sit amet, consectetur adipiscing elit.','2022-04-27 10:40:24','2022-04-27 10:40:24'),(15,'Porcelaine émaillée','Donec sollicitudin molestie malesuada','Cras ultricies ligula sed magna dictum porta. Mauris blandit aliquet elit, eget tincidunt nibh pulvinar a.','2022-04-27 10:42:01','2022-04-27 10:42:01'),(16,'Cire patinée','Donec sollicitudin molestie malesuada','Nulla quis lorem ut libero malesuada feugiat. Curabitur arcu erat, accumsan id imperdiet et, porttitor at sem.','2022-04-27 10:42:35','2022-04-27 10:42:35'),(17,'Terre cuite','Nulla quis lorem ut','Libero malesuada feugiat. Donec rutrum congue leo eget malesuada. Nulla porttitor accumsan tincidunt.','2022-04-27 10:43:56','2022-04-27 10:43:56'),(18,'Raku polychrome','Donec rutrum congue','Leo eget malesuada. Vestibulum ac diam sit amet quam vehicula elementum sed sit amet dui. Mauris blandit aliquet elit, eget tincidunt nibh pulvinar a.','2022-04-27 10:44:34','2022-04-27 10:44:34'),(19,'Raku et résine','Vestibulum ac diam','Sit amet quam vehicula elementum sed sit amet dui. Vivamus suscipit tortor eget felis porttitor volutpat. Pellentesque in ipsum id orci porta dapibus.','2022-04-27 10:45:16','2022-04-27 10:45:16'),(20,'Mobilier d’artiste','Nulla porttitor accumsan tincidunt','Vestibulum ante ipsum primis in faucibus orci luctus et ultrices posuere cubilia Curae; Donec velit neque, auctor sit amet aliquam vel, ullamcorper sit amet ligula. Proin eget tortor risus.','2022-04-27 10:45:56','2022-04-27 10:45:56'),(21,'Vasques','Nulla quis lorem ut','Libero malesuada feugiat. Pellentesque in ipsum id orci porta dapibus. Donec sollicitudin molestie malesuada.','2022-04-27 10:46:25','2022-04-27 10:46:25'),(22,'Sculptures lumineuses','Quisque velit nisi','Pretium ut lacinia in, elementum id enim. Cras ultricies ligula sed magna dictum porta. Vestibulum ante ipsum primis in faucibus orci luctus et ultrices posuere cubilia Curae; Donec velit neque, auctor sit amet aliquam vel, ullamcorper sit amet ligula.','2022-04-27 10:47:09','2022-04-27 10:47:09'),(23,'Sculptures de verre','Proin eget tortor risus','Cras ultricies ligula sed magna dictum porta. Vivamus suscipit tortor eget felis porttitor volutpat.','2022-04-27 10:47:46','2022-04-27 10:47:46'),(24,'Panneaux de verre','Curabitur aliquet quam','Id dui posuere blandit. Quisque velit nisi, pretium ut lacinia in, elementum id enim. Vestibulum ac diam sit amet quam vehicula elementum sed sit amet dui.','2022-04-27 10:48:29','2022-04-27 10:48:29'),(25,'Trophées','Proin eget tortor risus','Curabitur non nulla sit amet nisl tempus convallis quis ac lectus. Vestibulum ante ipsum primis in faucibus orci luctus et ultrices posuere cubilia Curae; Donec velit neque, auctor sit amet aliquam vel, ullamcorper sit amet ligula.','2022-04-27 10:49:13','2022-04-27 10:49:13'),(26,'Camille-S','Coll. particulière','Coll. particulière','2022-05-13 09:22:38','2022-05-13 09:22:38');
/*!40000 ALTER TABLE `categories` ENABLE KEYS */;
UNLOCK TABLES;

--
-- Table structure for table `collections`
--

DROP TABLE IF EXISTS `collections`;
/*!40101 SET @saved_cs_client     = @@character_set_client */;
/*!40101 SET character_set_client = utf8 */;
CREATE TABLE `collections` (
  `id` bigint(20) unsigned NOT NULL AUTO_INCREMENT,
  `titre` varchar(255) COLLATE utf8mb4_unicode_ci NOT NULL,
  `sous_titre` varchar(255) COLLATE utf8mb4_unicode_ci NOT NULL,
  `description` longtext COLLATE utf8mb4_unicode_ci NOT NULL,
  `created_at` timestamp NULL DEFAULT NULL,
  `updated_at` timestamp NULL DEFAULT NULL,
  PRIMARY KEY (`id`)
) ENGINE=InnoDB AUTO_INCREMENT=6 DEFAULT CHARSET=utf8mb4 COLLATE=utf8mb4_unicode_ci;
/*!40101 SET character_set_client = @saved_cs_client */;

--
-- Dumping data for table `collections`
--

LOCK TABLES `collections` WRITE;
/*!40000 ALTER TABLE `collections` DISABLE KEYS */;
INSERT INTO `collections` VALUES (1,'Sculptures','this is a cool sculpture','Vivamus suscipit tortor eget felis porttitor volutpat. Vivamus magna justo, lacinia eget consectetur sed, convallis at tellus. Lorem ipsum dolor sit amet, consectetur adipiscing elit.','2022-04-25 09:41:36','2022-04-25 09:41:36'),(2,'Oeuvres graphiques','this is a cool oeuvre','Proin eget tortor risus. Donec sollicitudin molestie malesuada. Cras ultricies ligula sed magna dictum porta.','2022-04-25 09:42:11','2022-04-25 09:42:11'),(3,'Camille.S, rencontre avec Camille Claudel','this is a cool rencontre','Sed porttitor lectus nibh. Praesent sapien massa, convallis a pellentesque nec, egestas non nisi. Curabitur arcu erat, accumsan id imperdiet et, porttitor at sem.','2022-04-25 09:42:43','2022-04-25 09:42:43'),(4,'Architecture d’intérieur','this is a cool architecture','Proin eget tortor risus. Cras ultricies ligula sed magna dictum porta. Quisque velit nisi, pretium ut lacinia in, elementum id enim.','2022-04-25 09:43:40','2022-04-25 09:43:40'),(5,'Verre & Cristal','these are a cool verre & cristal','Nulla quis lorem ut libero malesuada feugiat. Lorem ipsum dolor sit amet, consectetur adipiscing elit. Vestibulum ac diam sit amet quam vehicula elementum sed sit amet dui.','2022-04-25 09:44:33','2022-04-25 09:44:33');
/*!40000 ALTER TABLE `collections` ENABLE KEYS */;
UNLOCK TABLES;

--
-- Table structure for table `contacts`
--

DROP TABLE IF EXISTS `contacts`;
/*!40101 SET @saved_cs_client     = @@character_set_client */;
/*!40101 SET character_set_client = utf8 */;
CREATE TABLE `contacts` (
  `id` bigint(20) unsigned NOT NULL AUTO_INCREMENT,
  `name` varchar(255) COLLATE utf8mb4_unicode_ci NOT NULL,
  `email` varchar(255) COLLATE utf8mb4_unicode_ci NOT NULL,
  `telephone` varchar(255) COLLATE utf8mb4_unicode_ci DEFAULT NULL,
  `active` tinyint(1) DEFAULT '0',
  `created_at` timestamp NULL DEFAULT NULL,
  `updated_at` timestamp NULL DEFAULT NULL,
  PRIMARY KEY (`id`)
) ENGINE=InnoDB DEFAULT CHARSET=utf8mb4 COLLATE=utf8mb4_unicode_ci;
/*!40101 SET character_set_client = @saved_cs_client */;

--
-- Dumping data for table `contacts`
--

LOCK TABLES `contacts` WRITE;
/*!40000 ALTER TABLE `contacts` DISABLE KEYS */;
/*!40000 ALTER TABLE `contacts` ENABLE KEYS */;
UNLOCK TABLES;

--
-- Table structure for table `failed_jobs`
--

DROP TABLE IF EXISTS `failed_jobs`;
/*!40101 SET @saved_cs_client     = @@character_set_client */;
/*!40101 SET character_set_client = utf8 */;
CREATE TABLE `failed_jobs` (
  `id` bigint(20) unsigned NOT NULL AUTO_INCREMENT,
  `uuid` varchar(255) COLLATE utf8mb4_unicode_ci NOT NULL,
  `connection` text COLLATE utf8mb4_unicode_ci NOT NULL,
  `queue` text COLLATE utf8mb4_unicode_ci NOT NULL,
  `payload` longtext COLLATE utf8mb4_unicode_ci NOT NULL,
  `exception` longtext COLLATE utf8mb4_unicode_ci NOT NULL,
  `failed_at` timestamp NOT NULL DEFAULT CURRENT_TIMESTAMP,
  PRIMARY KEY (`id`),
  UNIQUE KEY `failed_jobs_uuid_unique` (`uuid`)
) ENGINE=InnoDB DEFAULT CHARSET=utf8mb4 COLLATE=utf8mb4_unicode_ci;
/*!40101 SET character_set_client = @saved_cs_client */;

--
-- Dumping data for table `failed_jobs`
--

LOCK TABLES `failed_jobs` WRITE;
/*!40000 ALTER TABLE `failed_jobs` DISABLE KEYS */;
/*!40000 ALTER TABLE `failed_jobs` ENABLE KEYS */;
UNLOCK TABLES;

--
-- Table structure for table `messages`
--

DROP TABLE IF EXISTS `messages`;
/*!40101 SET @saved_cs_client     = @@character_set_client */;
/*!40101 SET character_set_client = utf8 */;
CREATE TABLE `messages` (
  `id` bigint(20) unsigned NOT NULL AUTO_INCREMENT,
  `prenom` varchar(255) COLLATE utf8mb4_unicode_ci NOT NULL,
  `nom` varchar(255) COLLATE utf8mb4_unicode_ci NOT NULL,
  `email` varchar(255) COLLATE utf8mb4_unicode_ci NOT NULL,
  `telephone` varchar(255) COLLATE utf8mb4_unicode_ci DEFAULT NULL,
  `sujet` varchar(255) COLLATE utf8mb4_unicode_ci DEFAULT NULL,
  `message` longtext COLLATE utf8mb4_unicode_ci NOT NULL,
  `created_at` timestamp NULL DEFAULT NULL,
  `updated_at` timestamp NULL DEFAULT NULL,
  PRIMARY KEY (`id`)
) ENGINE=InnoDB DEFAULT CHARSET=utf8mb4 COLLATE=utf8mb4_unicode_ci;
/*!40101 SET character_set_client = @saved_cs_client */;

--
-- Dumping data for table `messages`
--

LOCK TABLES `messages` WRITE;
/*!40000 ALTER TABLE `messages` DISABLE KEYS */;
/*!40000 ALTER TABLE `messages` ENABLE KEYS */;
UNLOCK TABLES;

--
-- Table structure for table `migrations`
--

DROP TABLE IF EXISTS `migrations`;
/*!40101 SET @saved_cs_client     = @@character_set_client */;
/*!40101 SET character_set_client = utf8 */;
CREATE TABLE `migrations` (
  `id` int(10) unsigned NOT NULL AUTO_INCREMENT,
  `migration` varchar(255) COLLATE utf8mb4_unicode_ci NOT NULL,
  `batch` int(11) NOT NULL,
  PRIMARY KEY (`id`)
) ENGINE=InnoDB AUTO_INCREMENT=188 DEFAULT CHARSET=utf8mb4 COLLATE=utf8mb4_unicode_ci;
/*!40101 SET character_set_client = @saved_cs_client */;

--
-- Dumping data for table `migrations`
--

LOCK TABLES `migrations` WRITE;
/*!40000 ALTER TABLE `migrations` DISABLE KEYS */;
INSERT INTO `migrations` VALUES (177,'2014_10_12_000000_create_users_table',1),(178,'2014_10_12_100000_create_password_resets_table',1),(179,'2019_08_19_000000_create_failed_jobs_table',1),(180,'2019_12_14_000001_create_personal_access_tokens_table',1),(181,'2021_12_29_141217_create_collections_table',1),(182,'2021_12_29_141307_create_actualites_table',1),(183,'2022_01_03_101634_create_categories_table',1),(184,'2022_01_03_101731_create_oeuvres_table',1),(185,'2022_01_03_102143_create_photos_table',1),(186,'2022_01_17_095805_create_contacts_table',1),(187,'2022_01_17_110518_create_messages_table',1);
/*!40000 ALTER TABLE `migrations` ENABLE KEYS */;
UNLOCK TABLES;

--
-- Table structure for table `oeuvres`
--

DROP TABLE IF EXISTS `oeuvres`;
/*!40101 SET @saved_cs_client     = @@character_set_client */;
/*!40101 SET character_set_client = utf8 */;
CREATE TABLE `oeuvres` (
  `id` bigint(20) unsigned NOT NULL AUTO_INCREMENT,
  `description` longtext COLLATE utf8mb4_unicode_ci NOT NULL,
  `titre` varchar(255) COLLATE utf8mb4_unicode_ci NOT NULL,
  `sous_titre` varchar(255) COLLATE utf8mb4_unicode_ci NOT NULL,
  `date` datetime NOT NULL,
  `active` tinyint(1) DEFAULT '0',
  `collection_id` bigint(20) unsigned NOT NULL,
  `categorie_id` bigint(20) unsigned NOT NULL,
  `created_at` timestamp NULL DEFAULT NULL,
  `updated_at` timestamp NULL DEFAULT NULL,
  PRIMARY KEY (`id`),
  KEY `oeuvres_collection_id_foreign` (`collection_id`),
  KEY `oeuvres_categorie_id_foreign` (`categorie_id`),
  CONSTRAINT `oeuvres_categorie_id_foreign` FOREIGN KEY (`categorie_id`) REFERENCES `categories` (`id`) ON DELETE CASCADE,
  CONSTRAINT `oeuvres_collection_id_foreign` FOREIGN KEY (`collection_id`) REFERENCES `collections` (`id`) ON DELETE CASCADE
) ENGINE=InnoDB AUTO_INCREMENT=410 DEFAULT CHARSET=utf8mb4 COLLATE=utf8mb4_unicode_ci;
/*!40101 SET character_set_client = @saved_cs_client */;

--
-- Dumping data for table `oeuvres`
--

LOCK TABLES `oeuvres` WRITE;
/*!40000 ALTER TABLE `oeuvres` DISABLE KEYS */;
INSERT INTO `oeuvres` VALUES (180,'Bronze - L : 36 cm','Bel été','L : 36 cm','2004-01-01 00:00:00',1,1,10,'2022-05-12 17:21:45','2022-05-12 17:21:45'),(182,'Bronze, inox et leds - H : 72 cm','Belle Fortune','H : 72 cm','2004-01-01 00:00:00',1,1,10,'2022-05-12 17:26:03','2022-05-12 17:26:03'),(183,'Bronze - H : 88 cm','Bel Accent','H : 88 cm','2004-01-01 00:00:00',1,1,10,'2022-05-12 17:27:27','2022-05-12 17:27:27'),(184,'Bronze - H : 65 cm','Bel equilibre','H : 65 cm','2004-01-01 00:00:00',1,1,10,'2022-05-12 17:28:07','2022-05-12 17:28:07'),(185,'Bronze - H : 100 cm','L’attente','H : 100 cm','2004-01-01 00:00:00',1,1,10,'2022-05-12 17:29:25','2022-05-12 17:29:25'),(186,'Bronze - H : 127 cm','Belle Elisse','H : 127 cm','2004-01-01 00:00:00',1,1,10,'2022-05-12 17:30:12','2022-05-12 17:30:12'),(187,'Bronze argenté - H : 35 cm','Belle de Nuit','H : 35 cm','2004-01-01 00:00:00',1,1,10,'2022-05-12 17:30:49','2022-05-12 17:30:49'),(188,'Bronze','Le Baiser','Bronze','2004-01-01 00:00:00',1,1,10,'2022-05-12 17:31:26','2022-05-12 17:31:26'),(189,'Bronze - H : 45.72 cm','Petite Attente','H : 45.72 cm','2004-01-01 00:00:00',1,1,10,'2022-05-12 17:32:05','2022-05-12 17:32:05'),(190,'Bronze - H : 17cm','Belle Loveé','H : 17cm','2004-01-01 00:00:00',1,1,10,'2022-05-12 17:32:50','2022-05-12 17:32:50'),(191,'Bronze - H: 60 cm','Belle reveuse','H: 60 cm','2004-01-01 00:00:00',1,1,10,'2022-05-12 17:33:25','2022-05-12 17:33:25'),(192,'Bronze - H : 45 cm','Belle de Jour','H : 45 cm','2004-01-01 00:00:00',1,1,10,'2022-05-12 17:34:29','2022-05-12 17:34:29'),(193,'Bronze - H : 45 cm','Belle Odalisque','H : 45 cm','2004-01-01 00:00:00',1,1,10,'2022-05-12 17:35:07','2022-05-12 17:35:07'),(194,'Bronze - H : 36 cm','Bel Envol','H : 36 cm','2004-01-01 00:00:00',1,1,10,'2022-05-12 17:35:34','2022-05-12 17:35:34'),(195,'Bronze - H : 26 cm','Belle Surprise','H : 26 cm','2004-01-01 00:00:00',1,1,10,'2022-05-12 17:36:04','2022-05-12 17:36:04'),(196,'Bronze - H : 28 cm','Belle en Songe','H : 28 cm','2004-01-01 00:00:00',1,1,10,'2022-05-12 17:36:31','2022-05-12 17:36:31'),(197,'Bronze - H : 25 cm','Petite Reveuse','H : 25 cm','2004-01-01 00:00:00',1,1,10,'2022-05-12 17:37:05','2022-05-12 17:37:05'),(198,'Bronze - H : 23 cm','Belle Venus','H : 23 cm','2004-01-01 00:00:00',1,1,10,'2022-05-12 17:37:41','2022-05-12 17:37:41'),(199,'Loupe d’orme et bronze - H : 100 cm','Le Refuge de Tempête','H : 100 cm','2004-01-01 00:00:00',1,1,10,'2022-05-12 17:46:27','2022-05-12 17:46:27'),(200,'Bronze patiné - H : 350 CM','Hommage au Général de Gaulle','H : 350 CM','2007-01-01 00:00:00',1,1,1,'2022-05-12 17:49:38','2022-05-12 17:49:38'),(201,'Bronze - H : 40 CM','Général de Gaulle','H : 40 CM','2021-01-01 00:00:00',1,1,1,'2022-05-12 17:50:24','2022-05-12 17:50:24'),(202,'Bronze noir - grand modèle - H : 200 CM','2049 - Noir','H : 200 CM','2020-01-01 00:00:00',1,1,1,'2022-05-12 17:51:17','2022-05-12 17:51:17'),(203,'Extérieur - Bronze','Regards','Bronze','2016-01-01 00:00:00',1,1,1,'2022-05-12 17:51:54','2022-05-12 17:51:54'),(204,'Modelage terre - H : 190 CM','Joachim Murat','H : 190 CM','2018-01-01 00:00:00',1,1,1,'2022-05-12 17:52:35','2022-05-12 17:52:35'),(205,'Bronze - H : 120 CM - Ville de Labenque','Lo Trufair - Le Trufficulteur','H : 120 CM','2016-01-01 00:00:00',1,1,1,'2022-05-12 17:53:47','2022-05-12 17:53:47'),(206,'Bronze - Calais','Monument hommage à Charles de Gaulle et Yvonne Vendroux','Bronze','2013-01-01 00:00:00',1,1,1,'2022-05-12 17:54:27','2022-05-12 17:54:27'),(207,'Polymère graphité - Hauteur : 30 CM.','Les Soeurs Goadec','H : 30 CM.','2013-01-01 00:00:00',1,1,1,'2022-05-12 17:55:09','2022-05-12 17:55:09'),(208,'Bronze - H : 250 CM','La Valnurese','H : 250 CM','2019-01-01 00:00:00',1,1,1,'2022-05-12 17:55:48','2022-05-12 17:55:48'),(209,'Esplanade de Fourvière - Lyon','Monument à Jean Paul II','Lyon','2011-01-01 00:00:00',1,1,1,'2022-05-12 17:56:29','2022-05-12 17:56:29'),(210,'Bronze - H : 140 CM - Butte Sainte-Anne – Nantes','Jules Verne Adolescent et Le Capitaine Nemo','H : 140 CM','2015-01-01 00:00:00',1,1,1,'2022-05-12 17:57:15','2022-05-12 17:57:15'),(211,'Bronze','Buste de François Mitterrand','Bronze','1997-01-01 00:00:00',1,1,1,'2022-05-12 17:57:51','2022-05-12 17:57:51'),(212,'Résine - Domaine des Roches, France - H : 300 CM','Grande Verticale','H : 300 CM','2016-01-01 00:00:00',1,1,1,'2022-05-12 17:58:40','2022-05-12 17:58:40'),(213,'Socle : acier Corten gravé - H : 200 CM avec socle - Présentée à Comparaisons pour Art Capital Grand Palais 2019','2049 - Bronze','H : 200 CM avec socle','2019-01-01 00:00:00',1,1,1,'2022-05-12 17:59:36','2022-05-12 17:59:36'),(214,'Bronze - H : 80 CM - Ville de Pithiviers','Buste du Général de Gaulle','H : 80 CM','2019-01-01 00:00:00',1,1,1,'2022-05-12 18:00:37','2022-05-12 18:00:37'),(215,'Bronze - Labastide-Murat - Hauteur avec socle : 300 cm','Joachim Murat - Labastide-Murat','Hauteur avec socle : 300 cm','2018-01-01 00:00:00',1,1,1,'2022-05-12 18:01:31','2022-05-12 18:01:31'),(216,'Rochevilaine - H : 250 CM','Capitaine Nemo','H : 250 CM','2017-01-01 00:00:00',1,1,1,'2022-05-12 18:02:05','2022-05-12 18:02:05'),(217,'Bronze - Hauteur : 140 CM','Tellina','Hauteur : 140 CM','2014-01-01 00:00:00',1,1,1,'2022-05-12 18:02:36','2022-05-12 18:02:36'),(218,'2049 - Résine et feuille d\'or','2049 - Résine','Résine et feuille d\'or','2020-01-01 00:00:00',1,1,1,'2022-05-12 18:03:12','2022-05-12 18:03:12'),(219,'Hauteur : 50 Largeur : 40 Profondeur : 30 cm','Arago','H : 50 CM','2016-01-01 00:00:00',1,1,1,'2022-05-12 18:05:16','2022-05-12 18:05:16'),(220,'Bronze - 200 H x 88 L cm','Les Elfes','200 H x 88 L cm','2015-01-01 00:00:00',1,1,1,'2022-05-12 18:08:56','2022-05-12 18:08:56'),(221,'Bronze - H : 25 cm','Fragment d’éternité','H : 25 cm','2016-01-01 00:00:00',1,1,2,'2022-05-12 18:16:43','2022-05-12 18:16:43'),(222,'Buste de jeune fille - Terre - H : 45 CM','\"Passionata\"','H : 45 CM','2018-01-01 00:00:00',1,1,2,'2022-05-12 18:17:24','2022-05-12 18:17:24'),(223,'2 Bronzes - H : 27 cm et 32 cm','Camille aux fleurs','H : 27 cm et 32 cm','2017-01-01 00:00:00',1,1,2,'2022-05-12 18:18:01','2022-05-12 18:18:01'),(224,'H: 45 CM','Buste de Rodin - d\'après Camille CLAUDEL','H: 45 CM','2018-01-01 00:00:00',1,1,2,'2022-05-12 18:18:50','2022-05-12 18:18:50'),(225,'Modelage préparatoire pour Grévin','Belmondo','Grévin','2013-01-01 00:00:00',1,1,2,'2022-05-12 18:19:20','2022-05-12 18:19:20'),(226,'Bronze, cire et plâtre.','Bustes du sculpteur Wang-Keping','Bronze, cire et plâtre.','2013-01-01 00:00:00',1,1,2,'2022-05-12 18:19:51','2022-05-12 18:19:51'),(227,'Bronze - H : 60 cm','Couple Dos','H : 60 cm','2016-01-01 00:00:00',1,1,2,'2022-05-12 18:20:39','2022-05-12 18:20:39'),(228,'Buste résine noire - H : 45 cm L: 55 cm','Dos','H : 45 cm L: 55 cm','2016-01-01 00:00:00',1,1,2,'2022-05-12 18:21:10','2022-05-12 18:21:10'),(229,'Bronze - H : 35 cm','Anastasia','H : 35 cm','2015-01-01 00:00:00',1,1,2,'2022-05-12 18:22:00','2022-05-12 18:22:00'),(230,'Bronze - H : 35 cm','Lea','H : 35 cm','2016-01-01 00:00:00',1,1,2,'2022-05-12 18:23:02','2022-05-12 18:23:02'),(231,'Bronze - H : 80 cm','Buste du Docteur Trédaniel','H : 80 cm','2016-01-01 00:00:00',1,1,2,'2022-05-12 18:23:44','2022-05-12 18:23:44'),(232,'Pâte de verre colorée - H : 35 CM','Buste de Camille Claudel','H : 35 CM','2016-01-01 00:00:00',1,1,2,'2022-05-12 18:24:32','2022-05-12 18:24:32'),(233,'Bronze - H : 35 cm','Monsieur de P.','H : 35 cm','2016-01-01 00:00:00',1,1,2,'2022-05-12 18:25:04','2022-05-12 18:25:04'),(234,'Bronze et Terre - H : 35 cm','Alice','H : 35 cm','2015-01-01 00:00:00',1,1,2,'2022-05-12 18:25:41','2022-05-12 18:25:41'),(235,'Bronze - H : 80 cm','Buste de Mme D’','H : 80 cm','2015-01-01 00:00:00',1,1,2,'2022-05-12 18:26:11','2022-05-12 18:26:11'),(236,'Porcelaine émaillée - H: 35 CM','Camille Eclatée','H: 35 CM','2016-01-01 00:00:00',1,1,2,'2022-05-12 18:27:18','2022-05-12 18:27:18'),(237,'Plâtre - H : 30 cm','Oriane','H : 30 cm','2015-01-01 00:00:00',1,1,2,'2022-05-12 18:27:55','2022-05-12 18:27:55'),(238,'Bronze - H : 80 cm','Buste du Général de Gaulle - Pithiviers','H : 80 cm','2020-01-01 00:00:00',1,1,2,'2022-05-12 18:28:57','2022-05-12 18:28:57'),(239,'Bronze - H : 35 cm','Jean','H : 35 cm','2015-01-01 00:00:00',1,1,2,'2022-05-12 18:29:29','2022-05-12 18:29:29'),(240,'Bronze - H : 35 cm','Gerard','H : 35 cm','2015-01-01 00:00:00',1,1,2,'2022-05-12 18:30:22','2022-05-12 18:30:22'),(241,'Plâtre, graphite - H : 38 cm','La Memoire et la Mer','H : 38 cm','2015-01-01 00:00:00',1,1,2,'2022-05-12 18:30:51','2022-05-12 18:30:51'),(242,'Bronze - H : 80 cm','Buste de Mme G.','H : 80 cm','2015-01-01 00:00:00',1,1,2,'2022-05-12 18:31:27','2022-05-12 18:31:27'),(243,'Bronze - H : 40 cm','Camille Claudel','H : 40 cm','2016-01-01 00:00:00',1,1,2,'2022-05-12 18:32:33','2022-05-12 18:32:33'),(244,'Bronze - H : 80 CM','Le Carrousel','H : 80 CM','2007-01-01 00:00:00',1,1,3,'2022-05-12 18:38:50','2022-05-12 18:38:50'),(245,'Bronze, polymère chromé et néon rouge - H : 180 CM','Chance','H : 180 CM','2015-01-01 00:00:00',1,1,3,'2022-05-12 18:40:24','2022-05-12 18:40:24'),(246,'Bronze - H : 45 CM','Les Causeuses','H : 45 CM','2007-01-01 00:00:00',1,1,3,'2022-05-12 18:42:07','2022-05-12 18:42:07'),(247,'Bronze - H : 40 cm','Isaia','H : 40 cm','2018-01-01 00:00:00',1,1,3,'2022-05-12 18:43:09','2022-05-12 18:43:09'),(248,'Bronze - H : 35 CM','La Boca','H : 35 CM','1996-01-01 00:00:00',1,1,3,'2022-05-12 18:43:53','2022-05-12 18:43:53'),(249,'Bronze - L : 33 cm','Le Grand Ecart','L : 33 cm','2007-01-01 00:00:00',1,1,3,'2022-05-12 18:44:38','2022-05-12 18:44:38'),(250,'Bronze - H : 95 CM','Parades','H : 95 CM','2007-01-01 00:00:00',1,1,3,'2022-05-12 18:45:12','2022-05-12 18:45:12'),(251,'Bronze - H : 49 CM','L’arpenteur','H : 49 CM','2018-01-01 00:00:00',1,1,3,'2022-05-12 18:46:06','2022-05-12 18:46:06'),(252,'Bronze - H : 98 CM','L\'archer','H : 98 CM','2007-01-01 00:00:00',1,1,3,'2022-05-12 18:47:57','2022-05-12 18:47:57'),(253,'Bronze - Dim : 45 x 40 CM','Clair-Obscur','Dim : 45 x 40 CM','2007-01-01 00:00:00',1,1,3,'2022-05-12 18:48:28','2022-05-12 18:48:28'),(254,'Bronze - H : 59 CM','Le Refuge','H : 59 CM','2007-01-01 00:00:00',1,1,3,'2022-05-12 18:49:26','2022-05-12 18:49:26'),(255,'Bronze - H : 45 CM','Je suis','H : 45 CM','2007-01-01 00:00:00',1,1,3,'2022-05-12 18:50:37','2022-05-12 18:50:37'),(256,'Bronze - H : 70 CM','Verticale','H : 70 CM','2007-01-01 00:00:00',1,1,3,'2022-05-12 18:51:28','2022-05-12 18:51:28'),(257,'Terre cuite et acier - H : 45 cm','Ballerine','H : 45 cm','2007-01-01 00:00:00',1,1,3,'2022-05-12 18:51:55','2022-05-12 18:51:55'),(258,'Bronze - H : 35 CM','La Decouverte','H : 35 CM','2007-01-01 00:00:00',1,1,3,'2022-05-12 18:52:42','2022-05-12 18:52:42'),(259,'Bronze - L : 20 CM H : 9 CM','Dune','L : 20 CM H : 9 CM','2007-01-01 00:00:00',1,1,3,'2022-05-12 18:53:32','2022-05-12 18:53:32'),(260,'Plâtre patiné - H : 20 CM','Tanguedia','H : 20 CM','2007-01-01 00:00:00',1,1,3,'2022-05-12 18:54:05','2022-05-12 18:54:05'),(261,'Bronze - H : 80 cm','L’envol','H : 80 cm','2007-01-01 00:00:00',1,1,3,'2022-05-12 18:54:40','2022-05-12 18:54:40'),(262,'Bronze et acier - H : 190 CM','Sens','H : 190 CM','2007-01-01 00:00:00',1,1,3,'2022-05-12 18:55:17','2022-05-12 18:55:17'),(263,'Bronze - H : 40 CM','Milonga','H : 40 CM','2007-01-01 00:00:00',1,1,3,'2022-05-12 18:56:07','2022-05-12 18:56:07'),(264,'Bronze chromé et bronze - L : 25 cm','Serpente','L : 25 cm','2007-01-01 00:00:00',1,1,3,'2022-05-12 18:57:04','2022-05-12 18:57:04'),(265,'Bronze - H : 45 cm','Paso Tango','H : 45 cm','1996-01-01 00:00:00',1,1,3,'2022-05-12 18:57:47','2022-05-12 18:57:47'),(266,'Bronze - H : 35 CM','Le Manege','H : 35 CM','2018-01-01 00:00:00',1,1,3,'2022-05-12 18:58:24','2022-05-12 18:58:24'),(267,'Bronze - H : 45 CM','Nat','H : 45 CM','2007-01-01 00:00:00',1,1,3,'2022-05-12 19:00:20','2022-05-12 19:00:20'),(268,'Bronze - H : 45 CM','La Ligne du Jour','H : 45 CM','2005-01-01 00:00:00',1,1,3,'2022-05-12 19:01:23','2022-05-12 19:01:23'),(269,'Bronze - H : 70 CM','La Valse','H : 70 CM','2015-01-01 00:00:00',1,1,3,'2022-05-12 19:02:34','2022-05-12 19:02:34'),(270,'Résine blanche et feuille d\'or - H : 200 cm','2049 - Blanc','H : 200 cm','2020-01-01 00:00:00',1,1,3,'2022-05-12 19:03:12','2022-05-12 19:03:12'),(271,'Bronze - H : 30 CM','2049 - Petit format','H : 30 CM','2020-01-01 00:00:00',1,1,3,'2022-05-12 19:03:52','2022-05-12 19:03:52'),(272,'Bronze cire perdue No 1/8 - Feuille d’or, socle noyer d’Amérique - H : 30 CM','2049 - Or','H : 30 CM','2020-01-01 00:00:00',1,1,3,'2022-05-12 19:04:18','2022-05-12 19:04:18'),(273,'Série Autre Monde – Résine patinée - H : 40 cm','Arawn','H : 40 cm','2020-01-01 00:00:00',1,1,3,'2022-05-12 19:05:44','2022-05-12 19:05:44'),(274,'Série Autre-Monde - Bronze - H : 34 cm','Rhiannon','H : 34 cm','2020-01-01 00:00:00',1,1,3,'2022-05-12 19:07:23','2022-05-12 19:07:23'),(275,'Série Autre-Monde - Bronze - H : 40cm','Morgain','H : 40cm','2021-01-01 00:00:00',1,1,3,'2022-05-12 19:09:03','2022-05-12 19:09:03'),(276,'Bronze, cristal de Murano, bois, perle sauvage - H : 170 CM','Elfe a la Perle','H : 170 CM','2016-01-01 00:00:00',1,1,7,'2022-05-12 19:09:59','2022-05-13 15:17:03'),(277,'Bronze et ailes en cristallo - H : 180 x 130 CM','Elfe à la Source','H : 180 x 130 CM','2016-01-01 00:00:00',1,1,3,'2022-05-12 19:10:35','2022-05-12 19:10:35'),(278,'Résine, cristal de Murano, bois, perle sauvage - H : 170 CM','Elfe à la Perle - Résine','H : 170 CM','2016-01-01 00:00:00',1,1,3,'2022-05-12 19:11:22','2022-05-12 19:11:22'),(279,'Bronze et cristal de Murano - H : 120 CM, avec socle 220 CM','Elfe du Tertre au Monnier','H : 120 CM, avec socle 220 CM','2016-01-01 00:00:00',1,1,7,'2022-05-12 19:12:01','2022-05-13 15:17:12'),(280,'Ailes en cristal de Murano - H : 180 CM','Elfe à la Source - Murano','H : 180 CM','2016-01-01 00:00:00',1,1,7,'2022-05-12 19:12:33','2022-05-13 15:17:21'),(281,'Bronze, base quartz, ailes cristal - H : 45 CM','Petite elfe à la Source','H : 45 CM','2016-01-01 00:00:00',1,1,7,'2022-05-12 19:13:15','2022-05-13 15:17:33'),(282,'Bronze, acier et verre gravé - H : 220 CM','Eternel Voyage','H : 220 CM','2016-01-01 00:00:00',1,1,7,'2022-05-12 19:13:55','2022-05-13 15:17:43'),(283,'Bronze, cristal et émeraude sauvage, socle quartz - H : 25 CM','Petite Elfe du Tertre au Monnier','H : 25 CM','2016-01-01 00:00:00',1,1,3,'2022-05-12 19:14:42','2022-05-12 19:14:42'),(284,'Bronze','Petite elfe','-','2016-01-01 00:00:00',1,1,7,'2022-05-12 19:33:23','2022-05-12 19:33:23'),(285,'Bronze','Petite elfe 2','-','2016-01-01 00:00:00',1,1,7,'2022-05-12 19:34:18','2022-05-12 19:34:18'),(286,'Raku - 90 × 60 cm','3ème station','90 × 60 cm','2020-01-01 00:00:00',1,1,11,'2022-05-12 19:39:01','2022-05-12 19:39:01'),(287,'Raku - 30cm','Karmann Ghia','30cm','2019-01-01 00:00:00',1,1,11,'2022-05-12 19:41:37','2022-05-12 19:41:37'),(288,'Raku','Traces','Raku','2020-01-01 00:00:00',1,1,11,'2022-05-12 19:42:39','2022-05-13 15:19:06'),(289,'H : 45 cm','Tribale bleue','H : 45 cm','2019-01-01 00:00:00',1,1,11,'2022-05-12 19:45:02','2022-05-12 19:45:02'),(290,'Hauteur: 45 cm avec socle','Songe Bleu','Hauteur: 45 cm avec socle','2017-01-01 00:00:00',1,1,11,'2022-05-12 19:46:03','2022-05-12 19:46:03'),(291,'Roku et metal - H : 45 cm avec socle','Songe rouge','H : 45 cm avec socle','2018-01-01 00:00:00',1,1,11,'2022-05-12 19:47:54','2022-05-12 19:47:54'),(292,'Porcelaine rakutée - H : 10 CM','Petite Belle','H : 10 CM','2008-01-01 00:00:00',1,1,11,'2022-05-12 19:49:14','2022-05-13 15:20:02'),(293,'Raku avec socle métal - H : 35 CM','Gaia','H : 35 CM','2020-01-01 00:00:00',1,1,11,'2022-05-12 19:50:19','2022-05-13 15:21:09'),(294,'H : 21 CM','Belle Loveé','H : 21 CM','2004-01-01 00:00:00',1,1,11,'2022-05-12 19:54:52','2022-05-13 15:21:45'),(295,'Raku - Diam. : 28 cm','Coupe cours d\'eau','Diam. : 28 cm','2020-01-01 00:00:00',1,1,11,'2022-05-12 19:56:20','2022-05-12 19:56:20'),(296,'Raku - Longueur : 15 cm','Le Refuge de Tempête','Longueur : 15 cm','2004-01-01 00:00:00',1,1,11,'2022-05-12 19:57:32','2022-05-12 19:57:32'),(297,'Raku - H : 40 cm','Clair-Obscur','H : 40 cm','2015-01-01 00:00:00',1,1,11,'2022-05-12 19:58:53','2022-05-12 19:58:53'),(298,'Raku - H : 18 cm','Maternité','H : 18 cm','2018-01-01 00:00:00',1,1,11,'2022-05-12 19:59:37','2022-05-12 19:59:37'),(299,'H : 50 cm','Racines Bleues et Racines Rouges','H : 50 cm','2019-01-01 00:00:00',1,1,11,'2022-05-12 20:01:49','2022-05-12 20:01:49'),(300,'H : 30 cm','Elfe','H : 30 cm','2015-01-01 00:00:00',1,1,11,'2022-05-12 20:02:21','2022-05-13 15:22:08'),(301,'H : 37 cm','Vasque rose','H : 37 cm','2015-01-01 00:00:00',1,1,11,'2022-05-12 20:03:35','2022-05-12 20:03:35'),(303,'H : 36,5 cm - avec socle : 50 cm','Tribale','H : 36,5 cm - avec socle : 50 cm','2019-01-01 00:00:00',1,1,11,'2022-05-12 20:09:21','2022-05-12 20:09:21'),(304,'H : 45 cm','Tribale assise','H : 45 cm','2019-01-01 00:00:00',1,1,11,'2022-05-12 20:10:17','2022-05-12 20:10:17'),(305,'Raku - H : 45 cm avec socle','Tête d\'elfe','H : 45 cm avec socle','2015-01-01 00:00:00',1,1,11,'2022-05-12 20:13:26','2022-05-13 15:22:28'),(306,'L : 30 CM','Vasque Bleue','L : 30 CM','2015-01-01 00:00:00',1,1,11,'2022-05-12 20:15:35','2022-05-12 20:15:35'),(307,'H : 29 cm','Jeune femme avec Perle','H : 29 cm','2018-01-01 00:00:00',1,1,11,'2022-05-12 20:16:37','2022-05-12 20:16:37'),(308,'H : 36 cm','Isaia Bleue','H : 36 cm','2017-01-01 00:00:00',1,1,11,'2022-05-12 20:17:28','2022-05-12 20:17:28'),(309,'Eclairage leds intégré - H : 76 CM','Grand Torse','H : 76 CM','2020-01-01 00:00:00',1,1,11,'2022-05-12 20:18:31','2022-05-12 20:18:31'),(310,'Largeur : 26 cm','Coeur','Largeur : 26 cm','2012-01-01 00:00:00',1,1,11,'2022-05-12 20:19:12','2022-05-12 20:19:12'),(311,'Bronze - H : 25 cm','Marie','H : 25 cm','1996-01-01 00:00:00',1,1,9,'2022-05-12 20:23:26','2022-05-12 20:23:26'),(312,'Bronze - H : 38 cm','Le jeu','H : 38 cm','1996-01-01 00:00:00',1,1,9,'2022-05-12 20:24:14','2022-05-12 20:24:14'),(313,'Bronze - H : 45 cm','Le jour','H : 45 cm','1996-01-01 00:00:00',1,1,9,'2022-05-12 20:25:16','2022-05-12 20:25:16'),(314,'Bronze - H : 45 cm','Douce','H : 45 cm','1996-01-01 00:00:00',1,1,9,'2022-05-12 20:26:07','2022-05-12 20:26:07'),(315,'250 X 110 cm','Icare','250 X 110 cm','2007-01-01 00:00:00',1,2,4,'2022-05-13 08:02:08','2022-05-13 15:16:04'),(316,'130 X 110 cm','Trapeze','130 X 110 cm','2009-01-01 00:00:00',1,2,4,'2022-05-13 08:02:56','2022-05-13 12:13:15'),(317,'300 X 200 cm','Ronde Païenne','300 X 200 cm','2008-01-01 00:00:00',1,2,4,'2022-05-13 08:04:30','2022-05-13 12:13:35'),(318,'250 X 100 cm','L\'archer','250 X 100 cm','2007-01-01 00:00:00',1,2,4,'2022-05-13 08:08:55','2022-05-13 08:08:55'),(319,'250 X 120 cm','Les bas Rouges aux Silhouettes','250 X 120 cm','2008-01-01 00:00:00',1,2,4,'2022-05-13 08:14:35','2022-05-13 08:14:35'),(320,'250 X 100 cm','Verticale','250 X 100 cm','2007-01-01 00:00:00',1,2,4,'2022-05-13 08:16:05','2022-05-13 08:16:05'),(321,'150 X 80 cm','Envers','150 X 80 cm','2008-01-01 00:00:00',1,2,4,'2022-05-13 08:17:12','2022-05-13 08:17:12'),(322,'Craie à l’huile et lavis sur papier marouflé - 110 X 110 cm','Recto Verso','110 X 110 cm','2009-01-01 00:00:00',1,2,4,'2022-05-13 08:21:54','2022-05-13 08:21:54'),(324,'250 X 120 cm','Nau de Dos','250 X 120 cm','2008-01-01 00:00:00',1,2,4,'2022-05-13 08:25:40','2022-05-13 08:25:40'),(325,'130 X 110 cm','Les Liens Rouges','130 X 110 cm','2009-01-01 00:00:00',1,2,4,'2022-05-13 08:29:09','2022-05-13 08:29:09'),(326,'(250 X 120 cm) (150 X 180 cm)','Les bas Rouges','(250 X 120 cm) (150 X 180 cm)','2009-01-01 00:00:00',1,2,4,'2022-05-13 08:31:46','2022-05-13 08:31:46'),(327,'250 X 120 cm','Diane Liane','250 X 120 cm','2008-01-01 00:00:00',1,2,4,'2022-05-13 08:33:11','2022-05-13 12:14:28'),(328,'250 X 110 cm','L’arc','250 X 110 cm','2008-01-01 00:00:00',1,2,4,'2022-05-13 08:33:49','2022-05-13 08:33:49'),(329,'250 X 120 cm','Yin-yang','250 X 120 cm','2008-01-01 00:00:00',1,2,4,'2022-05-13 08:34:43','2022-05-13 08:34:43'),(330,'Mine de plomb - 25 X 25 CM','Bilquis','25 X 25 CM','2021-01-01 00:00:00',1,2,12,'2022-05-13 08:43:04','2022-05-13 08:43:04'),(331,'Burin rehaussé - Epreuve d\'artiste - 30 X 40 CM','Gioco','30 X 40 CM','2019-01-01 00:00:00',1,2,12,'2022-05-13 08:48:28','2022-05-13 08:48:28'),(332,'Mine de plomb et lavis sur papier - 20 CM X 20 CM','Tatoo Girl','20 CM X 20 CM','2020-01-01 00:00:00',1,2,12,'2022-05-13 08:49:12','2022-05-13 08:49:12'),(333,'Mine de plomb et crayon de couleur - 40 X 60 CM','Elan Vert','40 X 60 CM','2018-01-01 00:00:00',1,2,12,'2022-05-13 08:50:44','2022-05-13 08:50:44'),(334,'Sanguine','Sanguine','-','2005-01-01 00:00:00',1,2,12,'2022-05-13 08:57:56','2022-05-13 08:58:22'),(335,'61 X 50 cm','Tryptique','61 X 50 cm','2008-01-01 00:00:00',1,2,12,'2022-05-13 09:02:42','2022-05-13 09:02:42'),(336,'56 X 60','Play Boy','56 X 60','2006-01-01 00:00:00',1,2,12,'2022-05-13 09:05:22','2022-05-13 09:09:11'),(337,'Sanguine','Nat','-','2007-01-01 00:00:00',1,2,12,'2022-05-13 09:06:50','2022-05-13 09:06:50'),(338,'56 X 60 CM','Le Grand Ecart','56 X 60 CM','2007-01-01 00:00:00',1,2,12,'2022-05-13 09:08:01','2022-05-13 12:11:59'),(339,'65 X 50 CM','Àpres-midi d\'un Faune','65 X 50 CM','2007-01-01 00:00:00',1,2,12,'2022-05-13 09:10:27','2022-05-13 09:10:27'),(340,'Sanguine','Sanguine 4','-','2005-01-01 00:00:00',1,2,12,'2022-05-13 09:11:11','2022-05-13 09:11:11'),(344,'Terre crue - H : 40 CM','Camille-S Terre crue','H : 40 CM','2016-01-01 00:00:00',1,3,26,'2022-05-13 09:35:04','2022-05-13 09:35:04'),(345,'Bronze - H : 40 CM - Coll. particulière','Camille-S Bronze','H : 40 CM','2017-01-01 00:00:00',1,3,26,'2022-05-13 09:36:20','2022-05-13 09:36:20'),(346,'Résine colorée','Camille-S Résine','Résine colorée','2017-01-01 00:00:00',1,3,26,'2022-05-13 09:38:24','2022-05-13 09:38:24'),(347,'Pâte de verre colorée - H : 35 CM','Camille-S Pâte de verre','H : 35 CM','2018-01-01 00:00:00',1,3,26,'2022-05-13 09:41:21','2022-05-13 09:41:21'),(348,'Bronze et coiffe de cristal - H : 36 cm','Camille à la coiffe de cristal','H : 36 cm','2018-01-01 00:00:00',1,3,26,'2022-05-13 09:43:02','2022-05-13 09:43:02'),(349,'Porcelaine émaillée - H : 32 CM','Camille Éclatée','H : 32 CM','2019-01-01 00:00:00',1,3,26,'2022-05-13 09:45:11','2022-05-13 09:45:11'),(350,'H : 40 CM','Camille-S  Terre cuite','H : 40 CM','2020-01-01 00:00:00',1,3,26,'2022-05-13 09:46:49','2022-05-13 09:46:49'),(351,'Raku polychrome - H : 36 CM','Camille-S Raku','H : 36 CM','2020-01-01 00:00:00',1,3,26,'2022-05-13 09:48:09','2022-05-13 10:10:16'),(352,'Raku polychrome immergé - H : 36 CM','Camille-S Raku immergé','H : 36 CM','2020-01-01 00:00:00',1,3,26,'2022-05-13 09:49:14','2022-05-13 09:49:14'),(354,'Inclusion du raku dans la résine transparente - H : 40 CM','Camille-S Raku et résine','H : 40 CM','2020-01-01 00:00:00',1,3,26,'2022-05-13 09:51:57','2022-05-13 09:51:57'),(355,'Terre','Camille-S','Terre','2018-01-01 00:00:00',1,3,16,'2022-05-13 10:00:33','2022-05-13 10:00:33'),(356,'Buste en cire coiffé - GREVIN Paris','Camille-S Cire','GREVIN Paris','2018-01-01 00:00:00',1,3,16,'2022-05-13 10:06:30','2022-05-13 12:08:15'),(357,'Grévin Paris - Copyright photo : Virginie Ribaut','Camille au travail','Grévin Paris','2018-01-01 00:00:00',1,3,16,'2022-05-13 10:06:47','2022-05-13 10:09:52'),(358,'Réplique du buste en cours','Rodin','Musée Grévin Paris','2018-01-01 00:00:00',1,3,16,'2022-05-13 10:14:19','2022-05-13 10:14:19'),(360,'Grévin Paris - Copyright photo : Marc Binninger','Camille-S - Camille au travail','Musée Grévin Paris','2018-01-01 00:00:00',1,3,16,'2022-05-13 10:28:55','2022-05-13 10:28:55'),(361,'Bronze patiné\r\nIntérieur  feuille d\'or\r\nHauteur : 20 cm','Traces Or','H : 20 cm','2020-01-01 00:00:00',1,4,20,'2022-05-13 12:18:58','2022-05-13 12:18:58'),(362,'Table NACELLE\r\nInox, inox ciselé et cristal coulé, leds\r\nH table : 73 cm\r\nL table : 130 cm\r\n\r\nTabourets NACELLE\r\nAssise inox ciselé et cristal inséré\r\nH : 48,5 cm\r\nLargeur : 43 cm\r\n\r\nDescriptif précis auprès de l\'artiste','Table et tabourets NACELLE','Descriptif précis auprès de l\'artiste','2017-01-01 00:00:00',1,4,20,'2022-05-13 12:22:27','2022-05-13 12:22:27'),(363,'Lampe ECLIPSE\r\nH : 56,5 cm\r\n\r\nModèle 1\r\nRecto bronze, feuille or\r\nVerso bronze, feuille argent\r\nModèle 2\r\nRecto bronze poli\r\nVerso bronze patiné - émail rouge\r\n\r\nÉclairage bande leds\r\nTransfo intégré\r\nSocle bronze patiné\r\nDescriptif précis auprès de l\'artiste\r\n\r\nVasque ECLIPSE\r\nCentre de table\r\nDiamètre : 43 cm\r\nRecto bronze poli\r\nVerso bronze patiné\r\nTrépied : bronze','Eclipse','Lampe et Vasque','2007-01-01 00:00:00',1,4,20,'2022-05-13 12:26:07','2022-05-13 12:26:07'),(364,'<div>\r\n						<p>TABLE<br>\r\nPièce unique signée (160 x 105 x 40 cm)<br>\r\nPlateau : noyer d’Amérique (épaisseur : 5 cm)<br>\r\nTrois pieds bronze patiné signés et numérotés (H: 35 cm)<br>\r\nVasque cristal emboitée</p>\r\n<p>Crédits photos et copyright Élisabeth CIBOT</p>\r\n<p>BANC : noyer d\'Amérique<br>\r\nQuatre pieds bronze patiné et poli<br>\r\nLongueur : 100 cm<br>\r\nHauteur : 40 cm<br>\r\nLargeur : 35 cm</p>\r\n\r\n					</div>','Table basse et banc ARUM','Pièce unique signée','2020-01-01 00:00:00',1,4,20,'2022-05-13 12:33:43','2022-05-13 12:33:43'),(365,'<div>\r\n						<p>Coiffeuse, inox et cristal – Création Élisabeth Cibot<br>\r\nCrédits photos : M.J.A.M. Prod., L. Calvez et E. Cibot<br>\r\nCopyright © Elisabeth CIBOT<br>\r\ninpi : 201236614</p>\r\n\r\n					</div>','Psyché','Inpi : 201236614','2012-01-01 00:00:00',1,4,20,'2022-05-13 12:40:33','2022-05-13 12:40:33'),(366,'<iframe src=\"https://sketchfab.com/models/22ba736d1aa24fb9abe4865e45b6d32e/embed\" width=\"640\" height=\"480\" frameborder=\"0\" allowfullscreen=\"allowfullscreen\"></iframe>','Lace Desk and Chair','-','2014-01-01 00:00:00',1,4,20,'2022-05-13 12:48:37','2022-05-13 12:57:52'),(367,'<iframe src=\"https://sketchfab.com/models/fa6e4b57c3754735b74aa1615bcffad9/embed\" width=\"640\" height=\"480\" frameborder=\"0\" allowfullscreen=\"allowfullscreen\"></iframe>','LACE Computer desk','-','2014-01-01 00:00:00',1,4,20,'2022-05-13 12:53:55','2022-05-13 12:53:55'),(368,'<iframe src=\"https://sketchfab.com/models/9c7dfaa3cfa040c4a61c8d4f808f1804/embed\" width=\"640\" height=\"480\" frameborder=\"0\" allowfullscreen=\"allowfullscreen\"></iframe>','LACE Table','Table','2014-01-01 00:00:00',1,4,20,'2022-05-13 12:56:30','2022-05-13 12:56:30'),(370,'Vague','Vague','-','2015-01-01 00:00:00',1,5,21,'2022-05-13 13:05:40','2022-05-13 13:05:40'),(372,'L : 45 CM','Vasque ECUME','L : 45 CM','2017-01-01 00:00:00',1,5,21,'2022-05-13 13:14:15','2022-05-13 13:14:15'),(373,'Largeur : 18 CM','Fleur de Cristal','Largeur : 18 CM','2014-01-01 00:00:00',1,5,21,'2022-05-13 13:15:12','2022-05-13 13:25:10'),(374,'Vasque Bleue','Vasque Bleue','Bleue','2015-01-01 00:00:00',1,5,21,'2022-05-13 13:16:17','2022-05-13 13:16:17'),(375,'Pâte de verre - H : 25 CM','Pichet TRACES','H : 25 CM','2018-01-01 00:00:00',1,5,21,'2022-05-13 13:17:55','2022-05-13 13:17:55'),(376,'Cristal - Diam. : 15 CM','Coupelle ECUME','Diam. : 15 CM','2017-01-01 00:00:00',1,5,21,'2022-05-13 13:18:54','2022-05-13 13:18:54'),(378,'Cristal - Largeur : 16 CM','Coupelle Ecume Ambree','L : 16 CM','2017-01-01 00:00:00',1,5,21,'2022-05-13 13:28:49','2022-05-13 13:28:49'),(379,'Pâte de cristal - H : 20 CM','Coupe Feuille d\'Ecume','H : 20 CM','2018-01-01 00:00:00',1,5,21,'2022-05-13 13:28:54','2022-05-13 13:29:26'),(380,'Gravée','Vasque gravée','Gravée','2015-01-01 00:00:00',1,5,21,'2022-05-13 13:30:40','2022-05-13 13:30:40'),(381,'Pâte de cristal - L : 30 CM','Nacelle Traces','L : 30 CM','2018-01-01 00:00:00',1,5,21,'2022-05-13 13:32:04','2022-05-13 13:32:04'),(382,'Bronze intérieur feuille d\'or et cristal jumeaux - H : 22 CM','Traces','H : 22 CM','2019-01-01 00:00:00',1,5,21,'2022-05-13 13:38:51','2022-05-13 13:38:51'),(383,'Verre gravé et coloré, inclusions de plumes de couleur - Base en acier noir - H : 40 cm','Totem Carre','H : 40 cm','2018-01-01 00:00:00',1,5,23,'2022-05-13 13:47:05','2022-05-13 13:47:05'),(385,'Pâte de cristal colorée - H : 30 CM','Danaide','H : 30 CM','2018-01-01 00:00:00',1,5,23,'2022-05-13 13:49:55','2022-05-13 13:49:55'),(386,'Verre extra-blanc, sablage et mis en couleur - H : 30 cm','Trophée du Prix Yvette Horner 2019','H : 30 cm','2019-01-01 00:00:00',1,5,25,'2022-05-13 13:54:22','2022-05-13 13:54:22'),(387,'Pâte de cristal - H : 27 cm','Nuage','H : 27 cm','2018-01-01 00:00:00',1,5,23,'2022-05-13 13:55:58','2022-05-13 13:55:58'),(388,'Cristal DAUM soufflé - H : 65 CM','Cybernetique Bleue','H : 65 CM','2018-01-01 00:00:00',1,5,23,'2022-05-13 13:58:19','2022-05-13 13:58:19'),(389,'Sculpture de verre','Faggiano','verre','2020-01-01 00:00:00',1,5,23,'2022-05-13 13:59:25','2022-05-13 13:59:25'),(390,'Pâte de verre - L : 14 CM','Le Songe','L : 14 CM','2018-01-01 00:00:00',1,5,23,'2022-05-13 14:00:37','2022-05-13 14:00:37'),(391,'Cristal DAUM soufflé à décor Millefiori - H : 30 CM','Cybernetique Rouge','H : 30 CM','2018-01-01 00:00:00',1,5,23,'2022-05-13 14:02:05','2022-05-13 14:02:05'),(392,'Disque','Disque','-','2017-01-01 00:00:00',1,5,23,'2022-05-13 14:03:11','2022-05-13 14:03:11'),(393,'Cristal - H : 18 cm','Maternité','H : 18 cm','1996-01-01 00:00:00',1,5,23,'2022-05-13 14:04:14','2022-05-13 16:06:08'),(394,'Pavillon Baltard','Remise du Prix Yvette Horner 2019 par E. Cibot','Pavillon Baltard','2019-01-01 00:00:00',1,5,25,'2022-05-13 14:11:02','2022-05-13 14:11:02'),(396,'Verre extra-blanc, sablage - H : 30 cm','Trophée ACAD','H : 30 cm','2020-01-01 00:00:00',1,5,25,'2022-05-13 14:17:25','2022-05-13 14:17:25'),(397,'Pâte de verre - H : 25 cm','Trophée SAINT-GOBAIN','H : 25 cm','2015-01-01 00:00:00',1,5,25,'2022-05-13 14:18:16','2022-05-13 14:18:16'),(398,'Verre, bombage et sablage - H: 30 cm','Trophée PERFUVERRE','H: 30 cm','2016-01-01 00:00:00',1,5,25,'2022-05-13 14:19:52','2022-05-13 14:19:52'),(399,'Abstract','Abstract','-','2015-01-01 00:00:00',1,5,24,'2022-05-13 14:34:36','2022-05-13 14:34:36'),(400,'Autoportrait','Autoportrait','-','2015-01-01 00:00:00',1,5,24,'2022-05-13 14:36:06','2022-05-13 14:36:06'),(401,'Vitrographie','Yvette','Vitrographie','2016-01-01 00:00:00',1,5,24,'2022-05-13 14:37:36','2022-05-13 14:37:36'),(402,'Disque','Disque','-','2017-01-01 00:00:00',1,5,24,'2022-05-13 14:40:32','2022-05-13 16:08:59'),(403,'IBM - France','Oiseau et arbre','IBM - France','2014-01-01 00:00:00',1,5,24,'2022-05-13 14:45:32','2022-05-13 14:45:32'),(404,'Paravent – verre sablé – Pièce unique – 220 x 180 cm','L’Aigle','220 x 180 cm','2015-01-01 00:00:00',1,5,24,'2022-05-13 14:47:52','2022-05-13 14:47:52'),(405,'IBM - France','Abysses','IBM','2017-01-01 00:00:00',1,5,24,'2022-05-13 14:53:32','2022-05-13 14:53:32'),(406,'Grave','Store grave','-','2015-01-01 00:00:00',1,5,24,'2022-05-13 15:00:40','2022-05-13 15:00:40'),(407,'Plumes','Plumes','-','2015-01-01 00:00:00',1,5,24,'2022-05-13 15:01:40','2022-05-13 15:01:40'),(408,'Nantes','Panneau Accentum','Nantes','2015-01-01 00:00:00',1,5,24,'2022-05-13 15:02:29','2022-05-13 15:02:29'),(409,'Pare-feu','Pare-feu','-','1985-01-01 00:00:00',1,5,24,'2022-05-13 15:03:43','2022-05-13 15:03:43');
/*!40000 ALTER TABLE `oeuvres` ENABLE KEYS */;
UNLOCK TABLES;

--
-- Table structure for table `password_resets`
--

DROP TABLE IF EXISTS `password_resets`;
/*!40101 SET @saved_cs_client     = @@character_set_client */;
/*!40101 SET character_set_client = utf8 */;
CREATE TABLE `password_resets` (
  `email` varchar(255) COLLATE utf8mb4_unicode_ci NOT NULL,
  `token` varchar(255) COLLATE utf8mb4_unicode_ci NOT NULL,
  `created_at` timestamp NULL DEFAULT NULL,
  KEY `password_resets_email_index` (`email`)
) ENGINE=InnoDB DEFAULT CHARSET=utf8mb4 COLLATE=utf8mb4_unicode_ci;
/*!40101 SET character_set_client = @saved_cs_client */;

--
-- Dumping data for table `password_resets`
--

LOCK TABLES `password_resets` WRITE;
/*!40000 ALTER TABLE `password_resets` DISABLE KEYS */;
/*!40000 ALTER TABLE `password_resets` ENABLE KEYS */;
UNLOCK TABLES;

--
-- Table structure for table `personal_access_tokens`
--

DROP TABLE IF EXISTS `personal_access_tokens`;
/*!40101 SET @saved_cs_client     = @@character_set_client */;
/*!40101 SET character_set_client = utf8 */;
CREATE TABLE `personal_access_tokens` (
  `id` bigint(20) unsigned NOT NULL AUTO_INCREMENT,
  `tokenable_type` varchar(255) COLLATE utf8mb4_unicode_ci NOT NULL,
  `tokenable_id` bigint(20) unsigned NOT NULL,
  `name` varchar(255) COLLATE utf8mb4_unicode_ci NOT NULL,
  `token` varchar(64) COLLATE utf8mb4_unicode_ci NOT NULL,
  `abilities` text COLLATE utf8mb4_unicode_ci,
  `last_used_at` timestamp NULL DEFAULT NULL,
  `created_at` timestamp NULL DEFAULT NULL,
  `updated_at` timestamp NULL DEFAULT NULL,
  PRIMARY KEY (`id`),
  UNIQUE KEY `personal_access_tokens_token_unique` (`token`),
  KEY `personal_access_tokens_tokenable_type_tokenable_id_index` (`tokenable_type`,`tokenable_id`)
) ENGINE=InnoDB DEFAULT CHARSET=utf8mb4 COLLATE=utf8mb4_unicode_ci;
/*!40101 SET character_set_client = @saved_cs_client */;

--
-- Dumping data for table `personal_access_tokens`
--

LOCK TABLES `personal_access_tokens` WRITE;
/*!40000 ALTER TABLE `personal_access_tokens` DISABLE KEYS */;
/*!40000 ALTER TABLE `personal_access_tokens` ENABLE KEYS */;
UNLOCK TABLES;

--
-- Table structure for table `photos`
--

DROP TABLE IF EXISTS `photos`;
/*!40101 SET @saved_cs_client     = @@character_set_client */;
/*!40101 SET character_set_client = utf8 */;
CREATE TABLE `photos` (
  `id` bigint(20) unsigned NOT NULL AUTO_INCREMENT,
  `photo` varchar(255) COLLATE utf8mb4_unicode_ci NOT NULL,
  `oeuvre_id` bigint(20) unsigned DEFAULT NULL,
  `collection_id` bigint(20) unsigned DEFAULT NULL,
  `categorie_id` bigint(20) unsigned DEFAULT NULL,
  `created_at` timestamp NULL DEFAULT NULL,
  `updated_at` timestamp NULL DEFAULT NULL,
  PRIMARY KEY (`id`),
  KEY `photos_oeuvre_id_foreign` (`oeuvre_id`),
  KEY `photos_collection_id_foreign` (`collection_id`),
  KEY `photos_categorie_id_foreign` (`categorie_id`),
  CONSTRAINT `photos_categorie_id_foreign` FOREIGN KEY (`categorie_id`) REFERENCES `categories` (`id`) ON DELETE CASCADE,
  CONSTRAINT `photos_collection_id_foreign` FOREIGN KEY (`collection_id`) REFERENCES `collections` (`id`) ON DELETE CASCADE,
  CONSTRAINT `photos_oeuvre_id_foreign` FOREIGN KEY (`oeuvre_id`) REFERENCES `oeuvres` (`id`) ON DELETE CASCADE
) ENGINE=InnoDB AUTO_INCREMENT=948 DEFAULT CHARSET=utf8mb4 COLLATE=utf8mb4_unicode_ci;
/*!40101 SET character_set_client = @saved_cs_client */;

--
-- Dumping data for table `photos`
--

LOCK TABLES `photos` WRITE;
/*!40000 ALTER TABLE `photos` DISABLE KEYS */;
INSERT INTO `photos` VALUES (1,'collections/sculptures.jpg',NULL,1,NULL,'2022-04-25 09:41:36','2022-04-25 09:41:36'),(2,'collections/oeuvres-graphiques.jpg',NULL,2,NULL,'2022-04-25 09:42:11','2022-04-25 09:42:11'),(3,'collections/camilles-rencontre-avec-camille-claudel.jpg',NULL,3,NULL,'2022-04-25 09:42:43','2022-04-25 09:42:43'),(4,'collections/architecture-dinterieur.jpg',NULL,4,NULL,'2022-04-25 09:43:40','2022-04-25 09:43:40'),(5,'collections/verre-cristal.jpg',NULL,5,NULL,'2022-04-25 09:44:33','2022-04-25 09:44:33'),(6,'categories/monuments.jpg',NULL,NULL,1,'2022-04-25 09:47:46','2022-04-25 09:47:46'),(7,'categories/bustes.jpg',NULL,NULL,2,'2022-04-25 09:48:28','2022-04-25 09:48:28'),(8,'categories/figures-en-pied.jpg',NULL,NULL,3,'2022-04-25 09:49:10','2022-04-25 09:49:10'),(9,'categories/grands-formats.jpg',NULL,NULL,4,'2022-04-25 09:49:45','2022-04-25 09:49:45'),(10,'categories/bronze.jpg',NULL,NULL,5,'2022-04-25 09:50:17','2022-04-25 09:50:17'),(11,'categories/resine-coloree.jpg',NULL,NULL,6,'2022-04-25 09:51:00','2022-04-25 09:51:00'),(83,'categories/les-elfes.jpg',NULL,NULL,7,'2022-04-27 10:32:38','2022-04-27 10:32:38'),(84,'categories/serie-autre-monde.jpg',NULL,NULL,8,'2022-04-27 10:33:22','2022-04-27 10:33:22'),(85,'categories/maternites.jpg',NULL,NULL,9,'2022-04-27 10:34:29','2022-04-27 10:34:29'),(86,'categories/les-belles.jpg',NULL,NULL,10,'2022-04-27 10:35:35','2022-04-27 10:35:35'),(87,'categories/rakus.jpg',NULL,NULL,11,'2022-04-27 10:37:30','2022-04-27 10:37:30'),(88,'categories/sanguines-et-petits-formats.jpg',NULL,NULL,12,'2022-04-27 10:38:26','2022-04-27 10:38:26'),(89,'categories/pates-de-verre.jpg',NULL,NULL,13,'2022-04-27 10:39:24','2022-04-27 10:39:24'),(90,'categories/bronze-et-cristal.jpg',NULL,NULL,14,'2022-04-27 10:40:24','2022-04-27 10:40:24'),(91,'categories/porcelaine-emaillee.jpg',NULL,NULL,15,'2022-04-27 10:42:01','2022-04-27 10:42:01'),(92,'categories/cire-patinee.jpg',NULL,NULL,16,'2022-04-27 10:42:35','2022-04-27 10:42:35'),(93,'categories/terre-cuite.jpg',NULL,NULL,17,'2022-04-27 10:43:56','2022-04-27 10:43:56'),(94,'categories/raku-polychrome.jpg',NULL,NULL,18,'2022-04-27 10:44:34','2022-04-27 10:44:34'),(95,'categories/raku-et-resine.jpg',NULL,NULL,19,'2022-04-27 10:45:16','2022-04-27 10:45:16'),(96,'categories/mobilier-dartiste.jpg',NULL,NULL,20,'2022-04-27 10:45:56','2022-04-27 10:45:56'),(97,'categories/vasques.jpg',NULL,NULL,21,'2022-04-27 10:46:25','2022-04-27 10:46:25'),(98,'categories/sculptures-lumineuses.jpg',NULL,NULL,22,'2022-04-27 10:47:09','2022-04-27 10:47:09'),(99,'categories/sculptures-de-verre.jpg',NULL,NULL,23,'2022-04-27 10:47:46','2022-04-27 10:47:46'),(100,'categories/panneaux-de-verre.jpg',NULL,NULL,24,'2022-04-27 10:48:29','2022-04-27 10:48:29'),(101,'categories/trophees.jpg',NULL,NULL,25,'2022-04-27 10:49:13','2022-04-27 10:49:13'),(417,'oeuvres/les-belles/bel-ete1.jpg',180,NULL,NULL,'2022-05-12 17:21:45','2022-05-12 17:21:45'),(420,'oeuvres/les-belles/belle-fortune1.jpg',182,NULL,NULL,'2022-05-12 17:26:03','2022-05-12 17:26:03'),(421,'oeuvres/les-belles/belle-fortune2.jpg',182,NULL,NULL,'2022-05-12 17:26:03','2022-05-12 17:26:03'),(422,'oeuvres/les-belles/bel-accent1.jpg',183,NULL,NULL,'2022-05-12 17:27:27','2022-05-12 17:27:27'),(423,'oeuvres/les-belles/bel-equilibre1.jpg',184,NULL,NULL,'2022-05-12 17:28:07','2022-05-12 17:28:07'),(424,'oeuvres/les-belles/lattente1.jpg',185,NULL,NULL,'2022-05-12 17:29:25','2022-05-12 17:29:25'),(425,'oeuvres/les-belles/belle-elisse1.jpg',186,NULL,NULL,'2022-05-12 17:30:12','2022-05-12 17:30:12'),(426,'oeuvres/les-belles/belle-de-nuit1.jpg',187,NULL,NULL,'2022-05-12 17:30:49','2022-05-12 17:30:49'),(427,'oeuvres/les-belles/belle-de-nuit2.jpg',187,NULL,NULL,'2022-05-12 17:30:49','2022-05-12 17:30:49'),(428,'oeuvres/les-belles/belle-de-nuit3.jpg',187,NULL,NULL,'2022-05-12 17:30:49','2022-05-12 17:30:49'),(429,'oeuvres/les-belles/le-baiser1.jpg',188,NULL,NULL,'2022-05-12 17:31:26','2022-05-12 17:31:26'),(430,'oeuvres/les-belles/petite-attente1.jpg',189,NULL,NULL,'2022-05-12 17:32:05','2022-05-12 17:32:05'),(431,'oeuvres/les-belles/belle-lovee1.jpg',190,NULL,NULL,'2022-05-12 17:32:50','2022-05-12 17:32:50'),(432,'oeuvres/les-belles/belle-lovee2.jpg',190,NULL,NULL,'2022-05-12 17:32:50','2022-05-12 17:32:50'),(433,'oeuvres/les-belles/belle-reveuse1.jpg',191,NULL,NULL,'2022-05-12 17:33:25','2022-05-12 17:33:25'),(434,'oeuvres/les-belles/belle-de-jour1.jpg',192,NULL,NULL,'2022-05-12 17:34:29','2022-05-12 17:34:29'),(435,'oeuvres/les-belles/belle-odalisque1.jpg',193,NULL,NULL,'2022-05-12 17:35:07','2022-05-12 17:35:07'),(436,'oeuvres/les-belles/belle-odalisque2.jpg',193,NULL,NULL,'2022-05-12 17:35:07','2022-05-12 17:35:07'),(437,'oeuvres/les-belles/bel-envol1.jpg',194,NULL,NULL,'2022-05-12 17:35:34','2022-05-12 17:35:34'),(438,'oeuvres/les-belles/belle-surprise1.jpg',195,NULL,NULL,'2022-05-12 17:36:04','2022-05-12 17:36:04'),(439,'oeuvres/les-belles/belle-en-songe1.jpg',196,NULL,NULL,'2022-05-12 17:36:31','2022-05-12 17:36:31'),(440,'oeuvres/les-belles/petite-reveuse1.jpg',197,NULL,NULL,'2022-05-12 17:37:05','2022-05-12 17:37:05'),(441,'oeuvres/les-belles/belle-venus1.jpg',198,NULL,NULL,'2022-05-12 17:37:41','2022-05-12 17:37:41'),(442,'oeuvres/les-belles/le-refuge-de-tempete1.jpg',199,NULL,NULL,'2022-05-12 17:46:28','2022-05-12 17:46:28'),(443,'oeuvres/les-belles/le-refuge-de-tempete2.jpg',199,NULL,NULL,'2022-05-12 17:46:28','2022-05-12 17:46:28'),(444,'oeuvres/monuments/hommage-au-general-de-gaulle1.jpg',200,NULL,NULL,'2022-05-12 17:49:38','2022-05-12 17:49:38'),(445,'oeuvres/monuments/hommage-au-general-de-gaulle2.jpg',200,NULL,NULL,'2022-05-12 17:49:38','2022-05-12 17:49:38'),(446,'oeuvres/monuments/hommage-au-general-de-gaulle3.jpg',200,NULL,NULL,'2022-05-12 17:49:38','2022-05-12 17:49:38'),(447,'oeuvres/monuments/hommage-au-general-de-gaulle4.jpg',200,NULL,NULL,'2022-05-12 17:49:38','2022-05-12 17:49:38'),(448,'oeuvres/monuments/general-de-gaulle1.jpg',201,NULL,NULL,'2022-05-12 17:50:24','2022-05-12 17:50:24'),(449,'oeuvres/monuments/general-de-gaulle2.jpg',201,NULL,NULL,'2022-05-12 17:50:24','2022-05-12 17:50:24'),(450,'oeuvres/monuments/general-de-gaulle3.jpg',201,NULL,NULL,'2022-05-12 17:50:24','2022-05-12 17:50:24'),(451,'oeuvres/monuments/general-de-gaulle4.jpg',201,NULL,NULL,'2022-05-12 17:50:24','2022-05-12 17:50:24'),(452,'oeuvres/monuments/2049-noir1.jpg',202,NULL,NULL,'2022-05-12 17:51:17','2022-05-12 17:51:17'),(453,'oeuvres/monuments/2049-noir2.jpg',202,NULL,NULL,'2022-05-12 17:51:17','2022-05-12 17:51:17'),(454,'oeuvres/monuments/2049-noir3.jpg',202,NULL,NULL,'2022-05-12 17:51:17','2022-05-12 17:51:17'),(455,'oeuvres/monuments/2049-noir4.jpg',202,NULL,NULL,'2022-05-12 17:51:17','2022-05-12 17:51:17'),(456,'oeuvres/monuments/regards1.jpg',203,NULL,NULL,'2022-05-12 17:51:54','2022-05-12 17:51:54'),(457,'oeuvres/monuments/regards2.jpg',203,NULL,NULL,'2022-05-12 17:51:54','2022-05-12 17:51:54'),(458,'oeuvres/monuments/joachim-murat1.jpg',204,NULL,NULL,'2022-05-12 17:52:35','2022-05-12 17:52:35'),(459,'oeuvres/monuments/joachim-murat2.jpg',204,NULL,NULL,'2022-05-12 17:52:35','2022-05-12 17:52:35'),(460,'oeuvres/monuments/joachim-murat3.jpg',204,NULL,NULL,'2022-05-12 17:52:35','2022-05-12 17:52:35'),(461,'oeuvres/monuments/lo-trufair-le-trufficulteur1.jpg',205,NULL,NULL,'2022-05-12 17:53:47','2022-05-12 17:53:47'),(462,'oeuvres/monuments/lo-trufair-le-trufficulteur2.jpg',205,NULL,NULL,'2022-05-12 17:53:47','2022-05-12 17:53:47'),(463,'oeuvres/monuments/lo-trufair-le-trufficulteur3.jpg',205,NULL,NULL,'2022-05-12 17:53:47','2022-05-12 17:53:47'),(464,'oeuvres/monuments/monument-hommage-a-charles-de-gaulle-et-yvonne-vendroux1.jpg',206,NULL,NULL,'2022-05-12 17:54:27','2022-05-12 17:54:27'),(465,'oeuvres/monuments/monument-hommage-a-charles-de-gaulle-et-yvonne-vendroux2.jpg',206,NULL,NULL,'2022-05-12 17:54:27','2022-05-12 17:54:27'),(466,'oeuvres/monuments/monument-hommage-a-charles-de-gaulle-et-yvonne-vendroux3.jpg',206,NULL,NULL,'2022-05-12 17:54:27','2022-05-12 17:54:27'),(467,'oeuvres/monuments/monument-hommage-a-charles-de-gaulle-et-yvonne-vendroux4.jpg',206,NULL,NULL,'2022-05-12 17:54:27','2022-05-12 17:54:27'),(468,'oeuvres/monuments/monument-hommage-a-charles-de-gaulle-et-yvonne-vendroux5.png',206,NULL,NULL,'2022-05-12 17:54:27','2022-05-12 17:54:27'),(469,'oeuvres/monuments/les-soeurs-goadec1.jpg',207,NULL,NULL,'2022-05-12 17:55:09','2022-05-12 17:55:09'),(470,'oeuvres/monuments/les-soeurs-goadec2.jpg',207,NULL,NULL,'2022-05-12 17:55:09','2022-05-12 17:55:09'),(471,'oeuvres/monuments/la-valnurese1.jpg',208,NULL,NULL,'2022-05-12 17:55:48','2022-05-12 17:55:48'),(472,'oeuvres/monuments/la-valnurese2.jpg',208,NULL,NULL,'2022-05-12 17:55:48','2022-05-12 17:55:48'),(473,'oeuvres/monuments/la-valnurese3.png',208,NULL,NULL,'2022-05-12 17:55:48','2022-05-12 17:55:48'),(474,'oeuvres/monuments/monument-a-jean-paul-ii1.jpg',209,NULL,NULL,'2022-05-12 17:56:29','2022-05-12 17:56:29'),(475,'oeuvres/monuments/monument-a-jean-paul-ii2.jpg',209,NULL,NULL,'2022-05-12 17:56:29','2022-05-12 17:56:29'),(476,'oeuvres/monuments/monument-a-jean-paul-ii3.jpg',209,NULL,NULL,'2022-05-12 17:56:29','2022-05-12 17:56:29'),(477,'oeuvres/monuments/jules-verne-adolescent-et-le-capitaine-nemo1.jpg',210,NULL,NULL,'2022-05-12 17:57:15','2022-05-12 17:57:15'),(478,'oeuvres/monuments/jules-verne-adolescent-et-le-capitaine-nemo2.jpg',210,NULL,NULL,'2022-05-12 17:57:15','2022-05-12 17:57:15'),(479,'oeuvres/monuments/jules-verne-adolescent-et-le-capitaine-nemo3.jpg',210,NULL,NULL,'2022-05-12 17:57:15','2022-05-12 17:57:15'),(480,'oeuvres/monuments/buste-de-francois-mitterrand1.jpg',211,NULL,NULL,'2022-05-12 17:57:51','2022-05-12 17:57:51'),(481,'oeuvres/monuments/buste-de-francois-mitterrand2.jpg',211,NULL,NULL,'2022-05-12 17:57:51','2022-05-12 17:57:51'),(482,'oeuvres/monuments/grande-verticale1.jpg',212,NULL,NULL,'2022-05-12 17:58:40','2022-05-12 17:58:40'),(483,'oeuvres/monuments/grande-verticale2.jpg',212,NULL,NULL,'2022-05-12 17:58:40','2022-05-12 17:58:40'),(484,'oeuvres/monuments/grande-verticale3.jpg',212,NULL,NULL,'2022-05-12 17:58:40','2022-05-12 17:58:40'),(485,'oeuvres/monuments/2049-bronze1.jpg',213,NULL,NULL,'2022-05-12 17:59:37','2022-05-12 17:59:37'),(486,'oeuvres/monuments/2049-bronze2.jpg',213,NULL,NULL,'2022-05-12 17:59:37','2022-05-12 17:59:37'),(487,'oeuvres/monuments/2049-bronze3.jpg',213,NULL,NULL,'2022-05-12 17:59:37','2022-05-12 17:59:37'),(488,'oeuvres/monuments/buste-du-general-de-gaulle1.jpg',214,NULL,NULL,'2022-05-12 18:00:37','2022-05-12 18:00:37'),(489,'oeuvres/monuments/buste-du-general-de-gaulle2.jpg',214,NULL,NULL,'2022-05-12 18:00:37','2022-05-12 18:00:37'),(490,'oeuvres/monuments/buste-du-general-de-gaulle3.jpg',214,NULL,NULL,'2022-05-12 18:00:37','2022-05-12 18:00:37'),(491,'oeuvres/monuments/joachim-murat-labastide-murat1.jpg',215,NULL,NULL,'2022-05-12 18:01:31','2022-05-12 18:01:31'),(492,'oeuvres/monuments/joachim-murat-labastide-murat2.jpg',215,NULL,NULL,'2022-05-12 18:01:31','2022-05-12 18:01:31'),(493,'oeuvres/monuments/joachim-murat-labastide-murat3.jpg',215,NULL,NULL,'2022-05-12 18:01:31','2022-05-12 18:01:31'),(494,'oeuvres/monuments/capitaine-nemo1.jpg',216,NULL,NULL,'2022-05-12 18:02:05','2022-05-12 18:02:05'),(495,'oeuvres/monuments/capitaine-nemo2.jpg',216,NULL,NULL,'2022-05-12 18:02:05','2022-05-12 18:02:05'),(496,'oeuvres/monuments/tellina1.jpg',217,NULL,NULL,'2022-05-12 18:02:36','2022-05-12 18:02:36'),(497,'oeuvres/monuments/tellina2.jpg',217,NULL,NULL,'2022-05-12 18:02:36','2022-05-12 18:02:36'),(498,'oeuvres/monuments/tellina3.jpg',217,NULL,NULL,'2022-05-12 18:02:36','2022-05-12 18:02:36'),(499,'oeuvres/monuments/2049-resine1.jpg',218,NULL,NULL,'2022-05-12 18:03:12','2022-05-12 18:03:12'),(500,'oeuvres/monuments/2049-resine2.jpg',218,NULL,NULL,'2022-05-12 18:03:12','2022-05-12 18:03:12'),(501,'oeuvres/monuments/arago1.jpg',219,NULL,NULL,'2022-05-12 18:05:16','2022-05-12 18:05:16'),(502,'oeuvres/monuments/arago2.jpg',219,NULL,NULL,'2022-05-12 18:05:17','2022-05-12 18:05:17'),(503,'oeuvres/monuments/les-elfes1.jpg',220,NULL,NULL,'2022-05-12 18:08:56','2022-05-12 18:08:56'),(504,'oeuvres/monuments/les-elfes2.jpg',220,NULL,NULL,'2022-05-12 18:08:56','2022-05-12 18:08:56'),(505,'oeuvres/monuments/les-elfes3.jpg',220,NULL,NULL,'2022-05-12 18:08:56','2022-05-12 18:08:56'),(506,'oeuvres/monuments/les-elfes4.jpg',220,NULL,NULL,'2022-05-12 18:08:56','2022-05-12 18:08:56'),(507,'oeuvres/monuments/les-elfes5.jpg',220,NULL,NULL,'2022-05-12 18:08:56','2022-05-12 18:08:56'),(508,'oeuvres/bustes/fragment-deternite1.jpg',221,NULL,NULL,'2022-05-12 18:16:43','2022-05-12 18:16:43'),(509,'oeuvres/bustes/passionata1.jpg',222,NULL,NULL,'2022-05-12 18:17:24','2022-05-12 18:17:24'),(510,'oeuvres/bustes/passionata2.jpg',222,NULL,NULL,'2022-05-12 18:17:24','2022-05-12 18:17:24'),(511,'oeuvres/bustes/camille-aux-fleurs1.jpg',223,NULL,NULL,'2022-05-12 18:18:01','2022-05-12 18:18:01'),(512,'oeuvres/bustes/camille-aux-fleurs2.jpg',223,NULL,NULL,'2022-05-12 18:18:01','2022-05-12 18:18:01'),(513,'oeuvres/bustes/camille-aux-fleurs3.jpg',223,NULL,NULL,'2022-05-12 18:18:01','2022-05-12 18:18:01'),(514,'oeuvres/bustes/buste-de-rodin-dapres-camille-claudel1.jpg',224,NULL,NULL,'2022-05-12 18:18:50','2022-05-12 18:18:50'),(515,'oeuvres/bustes/buste-de-rodin-dapres-camille-claudel2.jpg',224,NULL,NULL,'2022-05-12 18:18:50','2022-05-12 18:18:50'),(516,'oeuvres/bustes/buste-de-rodin-dapres-camille-claudel3.jpg',224,NULL,NULL,'2022-05-12 18:18:50','2022-05-12 18:18:50'),(517,'oeuvres/bustes/buste-de-rodin-dapres-camille-claudel4.jpg',224,NULL,NULL,'2022-05-12 18:18:50','2022-05-12 18:18:50'),(518,'oeuvres/bustes/belmondo1.jpg',225,NULL,NULL,'2022-05-12 18:19:20','2022-05-12 18:19:20'),(519,'oeuvres/bustes/belmondo2.jpg',225,NULL,NULL,'2022-05-12 18:19:20','2022-05-12 18:19:20'),(520,'oeuvres/bustes/bustes-du-sculpteur-wang-keping1.jpg',226,NULL,NULL,'2022-05-12 18:19:51','2022-05-12 18:19:51'),(521,'oeuvres/bustes/bustes-du-sculpteur-wang-keping2.jpg',226,NULL,NULL,'2022-05-12 18:19:51','2022-05-12 18:19:51'),(522,'oeuvres/bustes/bustes-du-sculpteur-wang-keping3.jpg',226,NULL,NULL,'2022-05-12 18:19:51','2022-05-12 18:19:51'),(523,'oeuvres/bustes/couple-dos1.jpg',227,NULL,NULL,'2022-05-12 18:20:39','2022-05-12 18:20:39'),(524,'oeuvres/bustes/couple-dos2.jpg',227,NULL,NULL,'2022-05-12 18:20:39','2022-05-12 18:20:39'),(525,'oeuvres/bustes/dos1.jpg',228,NULL,NULL,'2022-05-12 18:21:10','2022-05-12 18:21:10'),(526,'oeuvres/bustes/dos2.jpg',228,NULL,NULL,'2022-05-12 18:21:10','2022-05-12 18:21:10'),(527,'oeuvres/bustes/anastasia1.jpg',229,NULL,NULL,'2022-05-12 18:22:00','2022-05-12 18:22:00'),(528,'oeuvres/bustes/anastasia2.jpg',229,NULL,NULL,'2022-05-12 18:22:00','2022-05-12 18:22:00'),(529,'oeuvres/bustes/lea1.jpg',230,NULL,NULL,'2022-05-12 18:23:02','2022-05-12 18:23:02'),(530,'oeuvres/bustes/lea2.jpg',230,NULL,NULL,'2022-05-12 18:23:02','2022-05-12 18:23:02'),(531,'oeuvres/bustes/buste-du-docteur-tredaniel1.jpg',231,NULL,NULL,'2022-05-12 18:23:44','2022-05-12 18:23:44'),(532,'oeuvres/bustes/buste-de-camille-claudel1.jpg',232,NULL,NULL,'2022-05-12 18:24:32','2022-05-12 18:24:32'),(533,'oeuvres/bustes/buste-de-camille-claudel2.jpg',232,NULL,NULL,'2022-05-12 18:24:32','2022-05-12 18:24:32'),(534,'oeuvres/bustes/monsieur-de-p1.jpg',233,NULL,NULL,'2022-05-12 18:25:04','2022-05-12 18:25:04'),(535,'oeuvres/bustes/alice1.jpg',234,NULL,NULL,'2022-05-12 18:25:41','2022-05-12 18:25:41'),(536,'oeuvres/bustes/alice2.jpg',234,NULL,NULL,'2022-05-12 18:25:41','2022-05-12 18:25:41'),(537,'oeuvres/bustes/buste-de-mme-d1.jpg',235,NULL,NULL,'2022-05-12 18:26:11','2022-05-12 18:26:11'),(538,'oeuvres/bustes/camille-eclatee1.jpg',236,NULL,NULL,'2022-05-12 18:27:18','2022-05-12 18:27:18'),(539,'oeuvres/bustes/camille-eclatee2.png',236,NULL,NULL,'2022-05-12 18:27:19','2022-05-12 18:27:19'),(540,'oeuvres/bustes/camille-eclatee3.jpg',236,NULL,NULL,'2022-05-12 18:27:19','2022-05-12 18:27:19'),(541,'oeuvres/bustes/oriane1.jpg',237,NULL,NULL,'2022-05-12 18:27:55','2022-05-12 18:27:55'),(542,'oeuvres/bustes/buste-du-general-de-gaulle-pithiviers1.jpg',238,NULL,NULL,'2022-05-12 18:28:57','2022-05-12 18:28:57'),(543,'oeuvres/bustes/buste-du-general-de-gaulle-pithiviers2.jpg',238,NULL,NULL,'2022-05-12 18:28:57','2022-05-12 18:28:57'),(544,'oeuvres/bustes/jean1.jpg',239,NULL,NULL,'2022-05-12 18:29:29','2022-05-12 18:29:29'),(545,'oeuvres/bustes/gerard1.jpg',240,NULL,NULL,'2022-05-12 18:30:22','2022-05-12 18:30:22'),(546,'oeuvres/bustes/la-memoire-et-la-mer1.jpg',241,NULL,NULL,'2022-05-12 18:30:51','2022-05-12 18:30:51'),(547,'oeuvres/bustes/buste-de-mme-g1.jpg',242,NULL,NULL,'2022-05-12 18:31:27','2022-05-12 18:31:27'),(548,'oeuvres/bustes/camille-claudel1.jpg',243,NULL,NULL,'2022-05-12 18:32:33','2022-05-12 18:32:33'),(549,'oeuvres/bustes/camille-claudel2.jpg',243,NULL,NULL,'2022-05-12 18:32:33','2022-05-12 18:32:33'),(550,'oeuvres/bustes/camille-claudel3.jpg',243,NULL,NULL,'2022-05-12 18:32:33','2022-05-12 18:32:33'),(551,'oeuvres/figures-en-pied/le-carrousel1.jpg',244,NULL,NULL,'2022-05-12 18:38:50','2022-05-12 18:38:50'),(552,'oeuvres/figures-en-pied/le-carrousel2.jpg',244,NULL,NULL,'2022-05-12 18:38:50','2022-05-12 18:38:50'),(553,'oeuvres/figures-en-pied/chance1.jpg',245,NULL,NULL,'2022-05-12 18:40:24','2022-05-12 18:40:24'),(554,'oeuvres/figures-en-pied/chance2.jpg',245,NULL,NULL,'2022-05-12 18:40:24','2022-05-12 18:40:24'),(555,'oeuvres/figures-en-pied/chance3.jpg',245,NULL,NULL,'2022-05-12 18:40:25','2022-05-12 18:40:25'),(556,'oeuvres/figures-en-pied/chance4.jpg',245,NULL,NULL,'2022-05-12 18:40:25','2022-05-12 18:40:25'),(557,'oeuvres/figures-en-pied/chance5.jpg',245,NULL,NULL,'2022-05-12 18:40:25','2022-05-12 18:40:25'),(558,'oeuvres/figures-en-pied/les-causeuses1.jpg',246,NULL,NULL,'2022-05-12 18:42:07','2022-05-12 18:42:07'),(559,'oeuvres/figures-en-pied/les-causeuses2.jpg',246,NULL,NULL,'2022-05-12 18:42:07','2022-05-12 18:42:07'),(560,'oeuvres/figures-en-pied/les-causeuses3.jpg',246,NULL,NULL,'2022-05-12 18:42:07','2022-05-12 18:42:07'),(561,'oeuvres/figures-en-pied/les-causeuses4.jpg',246,NULL,NULL,'2022-05-12 18:42:07','2022-05-12 18:42:07'),(562,'oeuvres/figures-en-pied/isaia1.jpg',247,NULL,NULL,'2022-05-12 18:43:09','2022-05-12 18:43:09'),(563,'oeuvres/figures-en-pied/isaia2.jpg',247,NULL,NULL,'2022-05-12 18:43:09','2022-05-12 18:43:09'),(564,'oeuvres/figures-en-pied/la-boca1.jpg',248,NULL,NULL,'2022-05-12 18:43:53','2022-05-12 18:43:53'),(565,'oeuvres/figures-en-pied/le-grand-ecart1.jpg',249,NULL,NULL,'2022-05-12 18:44:38','2022-05-12 18:44:38'),(566,'oeuvres/figures-en-pied/parades1.jpg',250,NULL,NULL,'2022-05-12 18:45:12','2022-05-12 18:45:12'),(567,'oeuvres/figures-en-pied/parades2.jpg',250,NULL,NULL,'2022-05-12 18:45:12','2022-05-12 18:45:12'),(568,'oeuvres/figures-en-pied/larpenteur1.jpg',251,NULL,NULL,'2022-05-12 18:46:06','2022-05-12 18:46:06'),(569,'oeuvres/figures-en-pied/larpenteur2.jpg',251,NULL,NULL,'2022-05-12 18:46:06','2022-05-12 18:46:06'),(570,'oeuvres/figures-en-pied/larcher1.jpg',252,NULL,NULL,'2022-05-12 18:47:57','2022-05-12 18:47:57'),(571,'oeuvres/figures-en-pied/larcher2.jpg',252,NULL,NULL,'2022-05-12 18:47:57','2022-05-12 18:47:57'),(572,'oeuvres/figures-en-pied/larcher3.jpg',252,NULL,NULL,'2022-05-12 18:47:58','2022-05-12 18:47:58'),(573,'oeuvres/figures-en-pied/clair-obscur1.jpg',253,NULL,NULL,'2022-05-12 18:48:28','2022-05-12 18:48:28'),(574,'oeuvres/figures-en-pied/le-refuge1.jpg',254,NULL,NULL,'2022-05-12 18:49:26','2022-05-12 18:49:26'),(575,'oeuvres/figures-en-pied/je-suis1.jpg',255,NULL,NULL,'2022-05-12 18:50:37','2022-05-12 18:50:37'),(576,'oeuvres/figures-en-pied/verticale1.jpg',256,NULL,NULL,'2022-05-12 18:51:28','2022-05-12 18:51:28'),(577,'oeuvres/figures-en-pied/ballerine1.jpg',257,NULL,NULL,'2022-05-12 18:51:55','2022-05-12 18:51:55'),(578,'oeuvres/figures-en-pied/ballerine2.jpg',257,NULL,NULL,'2022-05-12 18:51:55','2022-05-12 18:51:55'),(579,'oeuvres/figures-en-pied/ballerine3.jpg',257,NULL,NULL,'2022-05-12 18:51:55','2022-05-12 18:51:55'),(580,'oeuvres/figures-en-pied/la-decouverte1.jpg',258,NULL,NULL,'2022-05-12 18:52:42','2022-05-12 18:52:42'),(581,'oeuvres/figures-en-pied/la-decouverte2.jpg',258,NULL,NULL,'2022-05-12 18:52:42','2022-05-12 18:52:42'),(582,'oeuvres/figures-en-pied/dune1.jpg',259,NULL,NULL,'2022-05-12 18:53:32','2022-05-12 18:53:32'),(583,'oeuvres/figures-en-pied/tanguedia1.jpg',260,NULL,NULL,'2022-05-12 18:54:05','2022-05-12 18:54:05'),(584,'oeuvres/figures-en-pied/lenvol1.jpg',261,NULL,NULL,'2022-05-12 18:54:40','2022-05-12 18:54:40'),(585,'oeuvres/figures-en-pied/sens1.jpg',262,NULL,NULL,'2022-05-12 18:55:17','2022-05-12 18:55:17'),(586,'oeuvres/figures-en-pied/sens2.jpg',262,NULL,NULL,'2022-05-12 18:55:17','2022-05-12 18:55:17'),(587,'oeuvres/figures-en-pied/milonga1.jpg',263,NULL,NULL,'2022-05-12 18:56:07','2022-05-12 18:56:07'),(588,'oeuvres/figures-en-pied/serpente1.jpg',264,NULL,NULL,'2022-05-12 18:57:04','2022-05-12 18:57:04'),(589,'oeuvres/figures-en-pied/serpente2.jpg',264,NULL,NULL,'2022-05-12 18:57:04','2022-05-12 18:57:04'),(590,'oeuvres/figures-en-pied/paso-tango1.jpg',265,NULL,NULL,'2022-05-12 18:57:47','2022-05-12 18:57:47'),(591,'oeuvres/figures-en-pied/le-manege1.jpg',266,NULL,NULL,'2022-05-12 18:58:24','2022-05-12 18:58:24'),(592,'oeuvres/figures-en-pied/le-manege2.jpg',266,NULL,NULL,'2022-05-12 18:58:24','2022-05-12 18:58:24'),(593,'oeuvres/figures-en-pied/le-manege3.jpg',266,NULL,NULL,'2022-05-12 18:58:24','2022-05-12 18:58:24'),(594,'oeuvres/figures-en-pied/nat1.jpg',267,NULL,NULL,'2022-05-12 19:00:20','2022-05-12 19:00:20'),(595,'oeuvres/figures-en-pied/nat2.jpg',267,NULL,NULL,'2022-05-12 19:00:20','2022-05-12 19:00:20'),(596,'oeuvres/figures-en-pied/la-ligne-du-jour1.jpg',268,NULL,NULL,'2022-05-12 19:01:23','2022-05-12 19:01:23'),(597,'oeuvres/figures-en-pied/la-valse1.jpg',269,NULL,NULL,'2022-05-12 19:02:34','2022-05-12 19:02:34'),(598,'oeuvres/figures-en-pied/2049-blanc1.jpg',270,NULL,NULL,'2022-05-12 19:03:12','2022-05-12 19:03:12'),(599,'oeuvres/figures-en-pied/2049-blanc2.jpg',270,NULL,NULL,'2022-05-12 19:03:12','2022-05-12 19:03:12'),(600,'oeuvres/figures-en-pied/2049-petit-format1.jpg',271,NULL,NULL,'2022-05-12 19:03:52','2022-05-12 19:03:52'),(601,'oeuvres/figures-en-pied/2049-petit-format2.jpg',271,NULL,NULL,'2022-05-12 19:03:52','2022-05-12 19:03:52'),(602,'oeuvres/figures-en-pied/2049-petit-format3.jpg',271,NULL,NULL,'2022-05-12 19:03:52','2022-05-12 19:03:52'),(603,'oeuvres/figures-en-pied/2049-or1.jpg',272,NULL,NULL,'2022-05-12 19:04:18','2022-05-12 19:04:18'),(604,'oeuvres/figures-en-pied/2049-or2.jpg',272,NULL,NULL,'2022-05-12 19:04:18','2022-05-12 19:04:18'),(605,'oeuvres/figures-en-pied/arawn1.jpg',273,NULL,NULL,'2022-05-12 19:05:44','2022-05-12 19:05:44'),(606,'oeuvres/figures-en-pied/arawn2.jpg',273,NULL,NULL,'2022-05-12 19:05:44','2022-05-12 19:05:44'),(607,'oeuvres/figures-en-pied/arawn3.png',273,NULL,NULL,'2022-05-12 19:05:44','2022-05-12 19:05:44'),(608,'oeuvres/figures-en-pied/arawn4.jpg',273,NULL,NULL,'2022-05-12 19:05:44','2022-05-12 19:05:44'),(609,'oeuvres/figures-en-pied/rhiannon1.jpg',274,NULL,NULL,'2022-05-12 19:07:23','2022-05-12 19:07:23'),(610,'oeuvres/figures-en-pied/rhiannon2.jpg',274,NULL,NULL,'2022-05-12 19:07:23','2022-05-12 19:07:23'),(611,'oeuvres/figures-en-pied/rhiannon3.jpg',274,NULL,NULL,'2022-05-12 19:07:23','2022-05-12 19:07:23'),(612,'oeuvres/figures-en-pied/morgain1.jpg',275,NULL,NULL,'2022-05-12 19:09:03','2022-05-12 19:09:03'),(613,'oeuvres/figures-en-pied/morgain2.jpg',275,NULL,NULL,'2022-05-12 19:09:03','2022-05-12 19:09:03'),(614,'oeuvres/figures-en-pied/morgain3.jpg',275,NULL,NULL,'2022-05-12 19:09:03','2022-05-12 19:09:03'),(615,'oeuvres/figures-en-pied/elfe-a-la-perle1.jpg',276,NULL,NULL,'2022-05-12 19:09:59','2022-05-12 19:09:59'),(616,'oeuvres/figures-en-pied/elfe-a-la-perle2.jpg',276,NULL,NULL,'2022-05-12 19:09:59','2022-05-12 19:09:59'),(617,'oeuvres/figures-en-pied/elfe-a-la-perle3.jpg',276,NULL,NULL,'2022-05-12 19:09:59','2022-05-12 19:09:59'),(618,'oeuvres/figures-en-pied/elfe-a-la-source1.jpg',277,NULL,NULL,'2022-05-12 19:10:35','2022-05-12 19:10:35'),(619,'oeuvres/figures-en-pied/elfe-a-la-source2.jpg',277,NULL,NULL,'2022-05-12 19:10:35','2022-05-12 19:10:35'),(620,'oeuvres/figures-en-pied/elfe-a-la-source3.jpg',277,NULL,NULL,'2022-05-12 19:10:35','2022-05-12 19:10:35'),(621,'oeuvres/figures-en-pied/elfe-a-la-perle-resine1.jpg',278,NULL,NULL,'2022-05-12 19:11:22','2022-05-12 19:11:22'),(622,'oeuvres/figures-en-pied/elfe-a-la-perle-resine2.jpg',278,NULL,NULL,'2022-05-12 19:11:22','2022-05-12 19:11:22'),(623,'oeuvres/figures-en-pied/elfe-a-la-perle-resine3.jpg',278,NULL,NULL,'2022-05-12 19:11:22','2022-05-12 19:11:22'),(624,'oeuvres/figures-en-pied/elfe-du-tertre-au-monnier1.jpg',279,NULL,NULL,'2022-05-12 19:12:01','2022-05-12 19:12:01'),(625,'oeuvres/figures-en-pied/elfe-du-tertre-au-monnier2.jpg',279,NULL,NULL,'2022-05-12 19:12:01','2022-05-12 19:12:01'),(626,'oeuvres/figures-en-pied/elfe-du-tertre-au-monnier3.jpg',279,NULL,NULL,'2022-05-12 19:12:01','2022-05-12 19:12:01'),(627,'oeuvres/figures-en-pied/elfe-du-tertre-au-monnier4.jpg',279,NULL,NULL,'2022-05-12 19:12:01','2022-05-12 19:12:01'),(628,'oeuvres/figures-en-pied/elfe-du-tertre-au-monnier5.jpg',279,NULL,NULL,'2022-05-12 19:12:01','2022-05-12 19:12:01'),(629,'oeuvres/figures-en-pied/elfe-a-la-source-murano1.jpg',280,NULL,NULL,'2022-05-12 19:12:33','2022-05-12 19:12:33'),(630,'oeuvres/figures-en-pied/elfe-a-la-source-murano2.jpg',280,NULL,NULL,'2022-05-12 19:12:33','2022-05-12 19:12:33'),(631,'oeuvres/figures-en-pied/elfe-a-la-source-murano3.jpg',280,NULL,NULL,'2022-05-12 19:12:33','2022-05-12 19:12:33'),(632,'oeuvres/figures-en-pied/petite-elfe-a-la-source1.jpg',281,NULL,NULL,'2022-05-12 19:13:15','2022-05-12 19:13:15'),(633,'oeuvres/figures-en-pied/petite-elfe-a-la-source2.jpg',281,NULL,NULL,'2022-05-12 19:13:15','2022-05-12 19:13:15'),(634,'oeuvres/figures-en-pied/petite-elfe-a-la-source3.jpg',281,NULL,NULL,'2022-05-12 19:13:15','2022-05-12 19:13:15'),(635,'oeuvres/figures-en-pied/eternel-voyage1.jpg',282,NULL,NULL,'2022-05-12 19:13:55','2022-05-12 19:13:55'),(636,'oeuvres/figures-en-pied/eternel-voyage2.jpg',282,NULL,NULL,'2022-05-12 19:13:55','2022-05-12 19:13:55'),(637,'oeuvres/figures-en-pied/eternel-voyage3.jpg',282,NULL,NULL,'2022-05-12 19:13:55','2022-05-12 19:13:55'),(638,'oeuvres/figures-en-pied/petite-elfe-du-tertre-au-monnier1.jpg',283,NULL,NULL,'2022-05-12 19:14:42','2022-05-12 19:14:42'),(639,'oeuvres/les-elfes/petite-elfe1.jpg',284,NULL,NULL,'2022-05-12 19:33:23','2022-05-12 19:33:23'),(640,'oeuvres/les-elfes/petite-elfe-21.jpg',285,NULL,NULL,'2022-05-12 19:34:18','2022-05-12 19:34:18'),(641,'oeuvres/les-elfes/petite-elfe-22.jpg',285,NULL,NULL,'2022-05-12 19:34:18','2022-05-12 19:34:18'),(642,'oeuvres/rakus/3eme-station1.jpg',286,NULL,NULL,'2022-05-12 19:39:01','2022-05-12 19:39:01'),(643,'oeuvres/rakus/karmann-ghia1.jpg',287,NULL,NULL,'2022-05-12 19:41:37','2022-05-12 19:41:37'),(644,'oeuvres/rakus/karmann-ghia2.jpg',287,NULL,NULL,'2022-05-12 19:41:37','2022-05-12 19:41:37'),(645,'oeuvres/rakus/karmann-ghia3.jpg',287,NULL,NULL,'2022-05-12 19:41:37','2022-05-12 19:41:37'),(646,'oeuvres/rakus/karmann-ghia4.jpg',287,NULL,NULL,'2022-05-12 19:41:37','2022-05-12 19:41:37'),(647,'oeuvres/monuments/traces1.jpg',288,NULL,NULL,'2022-05-12 19:42:39','2022-05-12 19:42:39'),(648,'oeuvres/monuments/traces2.jpg',288,NULL,NULL,'2022-05-12 19:42:39','2022-05-12 19:42:39'),(649,'oeuvres/rakus/tribale-bleue1.jpg',289,NULL,NULL,'2022-05-12 19:45:02','2022-05-12 19:45:02'),(650,'oeuvres/rakus/tribale-bleue2.jpg',289,NULL,NULL,'2022-05-12 19:45:02','2022-05-12 19:45:02'),(651,'oeuvres/rakus/songe-bleu1.jpg',290,NULL,NULL,'2022-05-12 19:46:03','2022-05-12 19:46:03'),(652,'oeuvres/rakus/songe-bleu2.jpg',290,NULL,NULL,'2022-05-12 19:46:03','2022-05-12 19:46:03'),(653,'oeuvres/rakus/songe-rouge1.jpg',291,NULL,NULL,'2022-05-12 19:47:54','2022-05-12 19:47:54'),(654,'oeuvres/rakus/songe-rouge2.jpg',291,NULL,NULL,'2022-05-12 19:47:54','2022-05-12 19:47:54'),(655,'oeuvres/rakus/songe-rouge3.jpg',291,NULL,NULL,'2022-05-12 19:47:54','2022-05-12 19:47:54'),(656,'oeuvres/monuments/petite-belle1.jpg',292,NULL,NULL,'2022-05-12 19:49:14','2022-05-12 19:49:14'),(657,'oeuvres/monuments/petite-belle2.jpg',292,NULL,NULL,'2022-05-12 19:49:14','2022-05-12 19:49:14'),(658,'oeuvres/monuments/gaia1.jpg',293,NULL,NULL,'2022-05-12 19:50:19','2022-05-12 19:50:19'),(659,'oeuvres/monuments/gaia2.jpg',293,NULL,NULL,'2022-05-12 19:50:19','2022-05-12 19:50:19'),(660,'oeuvres/monuments/belle-lovee1.jpg',294,NULL,NULL,'2022-05-12 19:54:52','2022-05-12 19:54:52'),(661,'oeuvres/monuments/belle-lovee2.jpg',294,NULL,NULL,'2022-05-12 19:54:52','2022-05-12 19:54:52'),(662,'oeuvres/rakus/coupe-cours-deau1.jpg',295,NULL,NULL,'2022-05-12 19:56:20','2022-05-12 19:56:20'),(663,'oeuvres/rakus/coupe-cours-deau2.jpg',295,NULL,NULL,'2022-05-12 19:56:20','2022-05-12 19:56:20'),(664,'oeuvres/rakus/le-refuge-de-tempete1.jpg',296,NULL,NULL,'2022-05-12 19:57:32','2022-05-12 19:57:32'),(665,'oeuvres/rakus/clair-obscur1.jpg',297,NULL,NULL,'2022-05-12 19:58:53','2022-05-12 19:58:53'),(666,'oeuvres/rakus/maternite1.jpg',298,NULL,NULL,'2022-05-12 19:59:37','2022-05-12 19:59:37'),(667,'oeuvres/rakus/maternite2.jpg',298,NULL,NULL,'2022-05-12 19:59:37','2022-05-12 19:59:37'),(668,'oeuvres/rakus/racines-bleues-et-racines-rouges1.jpg',299,NULL,NULL,'2022-05-12 20:01:49','2022-05-12 20:01:49'),(669,'oeuvres/rakus/racines-bleues-et-racines-rouges2.jpg',299,NULL,NULL,'2022-05-12 20:01:49','2022-05-12 20:01:49'),(670,'oeuvres/rakus/racines-bleues-et-racines-rouges3.jpg',299,NULL,NULL,'2022-05-12 20:01:49','2022-05-12 20:01:49'),(671,'oeuvres/rakus/racines-bleues-et-racines-rouges4.jpg',299,NULL,NULL,'2022-05-12 20:01:49','2022-05-12 20:01:49'),(672,'oeuvres/rakus/racines-bleues-et-racines-rouges5.jpg',299,NULL,NULL,'2022-05-12 20:01:49','2022-05-12 20:01:49'),(673,'oeuvres/monuments/elfe1.jpg',300,NULL,NULL,'2022-05-12 20:02:21','2022-05-12 20:02:21'),(674,'oeuvres/monuments/elfe2.jpg',300,NULL,NULL,'2022-05-12 20:02:21','2022-05-12 20:02:21'),(675,'oeuvres/rakus/vasque-rose1.jpg',301,NULL,NULL,'2022-05-12 20:03:35','2022-05-12 20:03:35'),(676,'oeuvres/rakus/vasque-rose2.jpg',301,NULL,NULL,'2022-05-12 20:03:35','2022-05-12 20:03:35'),(680,'oeuvres/rakus/tribale1.jpg',303,NULL,NULL,'2022-05-12 20:09:21','2022-05-12 20:09:21'),(681,'oeuvres/rakus/tribale2.jpg',303,NULL,NULL,'2022-05-12 20:09:21','2022-05-12 20:09:21'),(682,'oeuvres/rakus/tribale3.jpg',303,NULL,NULL,'2022-05-12 20:09:21','2022-05-12 20:09:21'),(683,'oeuvres/rakus/tribale4.jpg',303,NULL,NULL,'2022-05-12 20:09:21','2022-05-12 20:09:21'),(684,'oeuvres/rakus/tribale5.jpg',303,NULL,NULL,'2022-05-12 20:09:21','2022-05-12 20:09:21'),(685,'oeuvres/rakus/tribale-assise1.jpg',304,NULL,NULL,'2022-05-12 20:10:17','2022-05-12 20:10:17'),(686,'oeuvres/rakus/tribale-assise2.jpg',304,NULL,NULL,'2022-05-12 20:10:17','2022-05-12 20:10:17'),(687,'oeuvres/rakus/tribale-assise3.jpg',304,NULL,NULL,'2022-05-12 20:10:17','2022-05-12 20:10:17'),(688,'oeuvres/monuments/tete-delfe1.jpg',305,NULL,NULL,'2022-05-12 20:13:26','2022-05-12 20:13:26'),(689,'oeuvres/monuments/tete-delfe2.jpg',305,NULL,NULL,'2022-05-12 20:13:26','2022-05-12 20:13:26'),(690,'oeuvres/monuments/tete-delfe3.jpg',305,NULL,NULL,'2022-05-12 20:13:26','2022-05-12 20:13:26'),(691,'oeuvres/rakus/vasque-bleue1.jpg',306,NULL,NULL,'2022-05-12 20:15:35','2022-05-12 20:15:35'),(692,'oeuvres/rakus/vasque-bleue2.jpg',306,NULL,NULL,'2022-05-12 20:15:35','2022-05-12 20:15:35'),(693,'oeuvres/rakus/vasque-bleue3.jpg',306,NULL,NULL,'2022-05-12 20:15:35','2022-05-12 20:15:35'),(694,'oeuvres/rakus/jeune-femme-avec-perle1.jpg',307,NULL,NULL,'2022-05-12 20:16:37','2022-05-12 20:16:37'),(695,'oeuvres/rakus/jeune-femme-avec-perle2.jpg',307,NULL,NULL,'2022-05-12 20:16:37','2022-05-12 20:16:37'),(696,'oeuvres/rakus/isaia-bleue1.jpg',308,NULL,NULL,'2022-05-12 20:17:28','2022-05-12 20:17:28'),(697,'oeuvres/rakus/isaia-bleue2.jpg',308,NULL,NULL,'2022-05-12 20:17:28','2022-05-12 20:17:28'),(698,'oeuvres/rakus/grand-torse1.jpg',309,NULL,NULL,'2022-05-12 20:18:31','2022-05-12 20:18:31'),(699,'oeuvres/rakus/grand-torse2.jpg',309,NULL,NULL,'2022-05-12 20:18:31','2022-05-12 20:18:31'),(700,'oeuvres/rakus/grand-torse3.jpg',309,NULL,NULL,'2022-05-12 20:18:31','2022-05-12 20:18:31'),(701,'oeuvres/rakus/grand-torse4.jpg',309,NULL,NULL,'2022-05-12 20:18:31','2022-05-12 20:18:31'),(702,'oeuvres/rakus/coeur1.jpg',310,NULL,NULL,'2022-05-12 20:19:12','2022-05-12 20:19:12'),(703,'oeuvres/maternites/marie1.jpg',311,NULL,NULL,'2022-05-12 20:23:26','2022-05-12 20:23:26'),(704,'oeuvres/maternites/le-jeu1.jpg',312,NULL,NULL,'2022-05-12 20:24:14','2022-05-12 20:24:14'),(705,'oeuvres/maternites/le-jour1.jpg',313,NULL,NULL,'2022-05-12 20:25:16','2022-05-12 20:25:16'),(706,'oeuvres/maternites/douce1.jpg',314,NULL,NULL,'2022-05-12 20:26:07','2022-05-12 20:26:07'),(707,'oeuvres/grands-formats/icare1.jpg',315,NULL,NULL,'2022-05-13 08:02:08','2022-05-13 08:02:08'),(708,'oeuvres/grands-formats/icare2.jpg',315,NULL,NULL,'2022-05-13 08:02:08','2022-05-13 08:02:08'),(709,'oeuvres/grands-formats/trapeze1.jpg',316,NULL,NULL,'2022-05-13 08:02:56','2022-05-13 08:02:56'),(710,'oeuvres/grands-formats/ronde-paienne1.jpg',317,NULL,NULL,'2022-05-13 08:04:30','2022-05-13 08:04:30'),(711,'oeuvres/grands-formats/ronde-paienne2.jpg',317,NULL,NULL,'2022-05-13 08:04:30','2022-05-13 08:04:30'),(712,'oeuvres/grands-formats/ronde-paienne3.jpg',317,NULL,NULL,'2022-05-13 08:04:30','2022-05-13 08:04:30'),(713,'oeuvres/grands-formats/larcher1.jpg',318,NULL,NULL,'2022-05-13 08:08:55','2022-05-13 08:08:55'),(714,'oeuvres/grands-formats/larcher2.jpg',318,NULL,NULL,'2022-05-13 08:08:55','2022-05-13 08:08:55'),(715,'oeuvres/grands-formats/les-bas-rouges-aux-silhouettes1.jpg',319,NULL,NULL,'2022-05-13 08:14:35','2022-05-13 08:14:35'),(716,'oeuvres/grands-formats/verticale1.jpg',320,NULL,NULL,'2022-05-13 08:16:05','2022-05-13 08:16:05'),(717,'oeuvres/grands-formats/envers1.jpg',321,NULL,NULL,'2022-05-13 08:17:12','2022-05-13 08:17:12'),(718,'oeuvres/grands-formats/recto-verso1.jpg',322,NULL,NULL,'2022-05-13 08:21:54','2022-05-13 08:21:54'),(720,'oeuvres/grands-formats/nau-de-dos1.jpg',324,NULL,NULL,'2022-05-13 08:25:40','2022-05-13 08:25:40'),(721,'oeuvres/grands-formats/les-liens-rouges1.jpg',325,NULL,NULL,'2022-05-13 08:29:09','2022-05-13 08:29:09'),(722,'oeuvres/grands-formats/les-bas-rouges1.jpg',326,NULL,NULL,'2022-05-13 08:31:46','2022-05-13 08:31:46'),(723,'oeuvres/grands-formats/diane-liane1.jpg',327,NULL,NULL,'2022-05-13 08:33:11','2022-05-13 08:33:11'),(724,'oeuvres/grands-formats/larc1.jpg',328,NULL,NULL,'2022-05-13 08:33:49','2022-05-13 08:33:49'),(725,'oeuvres/grands-formats/yin-yang1.jpg',329,NULL,NULL,'2022-05-13 08:34:43','2022-05-13 08:34:43'),(726,'oeuvres/sanguines-et-petits-formats/bilquis1.jpg',330,NULL,NULL,'2022-05-13 08:43:04','2022-05-13 08:43:04'),(727,'oeuvres/sanguines-et-petits-formats/gioco1.jpg',331,NULL,NULL,'2022-05-13 08:48:28','2022-05-13 08:48:28'),(728,'oeuvres/sanguines-et-petits-formats/tatoo-girl1.jpg',332,NULL,NULL,'2022-05-13 08:49:12','2022-05-13 08:49:12'),(729,'oeuvres/sanguines-et-petits-formats/tatoo-girl2.jpg',332,NULL,NULL,'2022-05-13 08:49:12','2022-05-13 08:49:12'),(730,'oeuvres/sanguines-et-petits-formats/elan-vert1.jpg',333,NULL,NULL,'2022-05-13 08:50:44','2022-05-13 08:50:44'),(731,'oeuvres/sanguines-et-petits-formats/sanguine1.jpg',334,NULL,NULL,'2022-05-13 08:57:56','2022-05-13 08:57:56'),(732,'oeuvres/sanguines-et-petits-formats/tryptique1.jpg',335,NULL,NULL,'2022-05-13 09:02:42','2022-05-13 09:02:42'),(733,'oeuvres/grands-formats/play-boy1.jpg',336,NULL,NULL,'2022-05-13 09:05:22','2022-05-13 09:05:22'),(734,'oeuvres/sanguines-et-petits-formats/nat1.jpg',337,NULL,NULL,'2022-05-13 09:06:50','2022-05-13 09:06:50'),(735,'oeuvres/sanguines-et-petits-formats/le-grand-ecart1.jpg',338,NULL,NULL,'2022-05-13 09:08:01','2022-05-13 09:08:01'),(736,'oeuvres/sanguines-et-petits-formats/apres-midi-dun-faune1.jpg',339,NULL,NULL,'2022-05-13 09:10:28','2022-05-13 09:10:28'),(737,'oeuvres/sanguines-et-petits-formats/sanguine-41.jpg',340,NULL,NULL,'2022-05-13 09:11:11','2022-05-13 09:11:11'),(738,'categories/camille-s.jpg',NULL,NULL,26,'2022-05-13 09:22:38','2022-05-13 09:22:38'),(745,'oeuvres/camille-s/camille-s-terre-crue1.jpg',344,NULL,NULL,'2022-05-13 09:35:04','2022-05-13 09:35:04'),(746,'oeuvres/camille-s/camille-s-terre-crue2.jpg',344,NULL,NULL,'2022-05-13 09:35:04','2022-05-13 09:35:04'),(747,'oeuvres/camille-s/camille-s-terre-crue3.jpg',344,NULL,NULL,'2022-05-13 09:35:04','2022-05-13 09:35:04'),(748,'oeuvres/camille-s/camille-s-terre-crue4.jpg',344,NULL,NULL,'2022-05-13 09:35:04','2022-05-13 09:35:04'),(749,'oeuvres/camille-s/camille-s-bronze1.jpg',345,NULL,NULL,'2022-05-13 09:36:20','2022-05-13 09:36:20'),(750,'oeuvres/camille-s/camille-s-bronze2.jpg',345,NULL,NULL,'2022-05-13 09:36:20','2022-05-13 09:36:20'),(751,'oeuvres/camille-s/camille-s-resine1.jpg',346,NULL,NULL,'2022-05-13 09:38:24','2022-05-13 09:38:24'),(752,'oeuvres/camille-s/camille-s-resine2.jpg',346,NULL,NULL,'2022-05-13 09:38:24','2022-05-13 09:38:24'),(753,'oeuvres/camille-s/camille-s-resine3.jpg',346,NULL,NULL,'2022-05-13 09:38:24','2022-05-13 09:38:24'),(754,'oeuvres/camille-s/camille-s-pate-de-verre1.jpg',347,NULL,NULL,'2022-05-13 09:41:21','2022-05-13 09:41:21'),(755,'oeuvres/camille-s/camille-s-pate-de-verre2.jpg',347,NULL,NULL,'2022-05-13 09:41:21','2022-05-13 09:41:21'),(756,'oeuvres/camille-s/camille-s-pate-de-verre3.png',347,NULL,NULL,'2022-05-13 09:41:21','2022-05-13 09:41:21'),(757,'oeuvres/camille-s/camille-s-pate-de-verre4.jpg',347,NULL,NULL,'2022-05-13 09:41:21','2022-05-13 09:41:21'),(758,'oeuvres/camille-s/camille-s-pate-de-verre5.jpg',347,NULL,NULL,'2022-05-13 09:41:21','2022-05-13 09:41:21'),(759,'oeuvres/camille-s/camille-a-la-coiffe-de-cristal1.jpg',348,NULL,NULL,'2022-05-13 09:43:02','2022-05-13 09:43:02'),(760,'oeuvres/camille-s/camille-a-la-coiffe-de-cristal2.jpg',348,NULL,NULL,'2022-05-13 09:43:02','2022-05-13 09:43:02'),(761,'oeuvres/camille-s/camille-a-la-coiffe-de-cristal3.jpeg',348,NULL,NULL,'2022-05-13 09:43:02','2022-05-13 09:43:02'),(762,'oeuvres/camille-s/camille-a-la-coiffe-de-cristal4.jpg',348,NULL,NULL,'2022-05-13 09:43:02','2022-05-13 09:43:02'),(763,'oeuvres/camille-s/camille-a-la-coiffe-de-cristal5.jpg',348,NULL,NULL,'2022-05-13 09:43:02','2022-05-13 09:43:02'),(764,'oeuvres/camille-s/camille-eclatee1.jpg',349,NULL,NULL,'2022-05-13 09:45:11','2022-05-13 09:45:11'),(765,'oeuvres/camille-s/camille-eclatee2.jpg',349,NULL,NULL,'2022-05-13 09:45:11','2022-05-13 09:45:11'),(766,'oeuvres/camille-s/camille-eclatee3.jpg',349,NULL,NULL,'2022-05-13 09:45:11','2022-05-13 09:45:11'),(767,'oeuvres/camille-s/camille-eclatee4.jpg',349,NULL,NULL,'2022-05-13 09:45:11','2022-05-13 09:45:11'),(768,'oeuvres/camille-s/camille-eclatee5.jpg',349,NULL,NULL,'2022-05-13 09:45:11','2022-05-13 09:45:11'),(769,'oeuvres/camille-s/camille-s-terre-cuite1.jpg',350,NULL,NULL,'2022-05-13 09:46:49','2022-05-13 09:46:49'),(770,'oeuvres/camille-s/camille-s-terre-cuite2.jpg',350,NULL,NULL,'2022-05-13 09:46:49','2022-05-13 09:46:49'),(771,'oeuvres/camille-s/camille-s-raku1.jpg',351,NULL,NULL,'2022-05-13 09:48:09','2022-05-13 09:48:09'),(772,'oeuvres/camille-s/camille-s-raku2.png',351,NULL,NULL,'2022-05-13 09:48:09','2022-05-13 09:48:09'),(773,'oeuvres/camille-s/camille-s-raku3.jpg',351,NULL,NULL,'2022-05-13 09:48:09','2022-05-13 09:48:09'),(774,'oeuvres/camille-s/camille-s-raku4.jpg',351,NULL,NULL,'2022-05-13 09:48:09','2022-05-13 09:48:09'),(775,'oeuvres/camille-s/camille-s-raku5.jpg',351,NULL,NULL,'2022-05-13 09:48:09','2022-05-13 09:48:09'),(776,'oeuvres/camille-s/camille-s-raku-immerge1.jpg',352,NULL,NULL,'2022-05-13 09:49:14','2022-05-13 09:49:14'),(780,'oeuvres/camille-s/camille-s-raku-et-resine1.jpg',354,NULL,NULL,'2022-05-13 09:51:57','2022-05-13 09:51:57'),(781,'oeuvres/camille-s/camille-s-raku-et-resine2.jpg',354,NULL,NULL,'2022-05-13 09:51:57','2022-05-13 09:51:57'),(782,'oeuvres/camille-s/camille-s-raku-et-resine3.jpg',354,NULL,NULL,'2022-05-13 09:51:57','2022-05-13 09:51:57'),(783,'oeuvres/camille-s/camille-s-raku-et-resine4.jpg',354,NULL,NULL,'2022-05-13 09:51:57','2022-05-13 09:51:57'),(784,'oeuvres/camille-s/camille-s-raku-et-resine5.jpg',354,NULL,NULL,'2022-05-13 09:51:57','2022-05-13 09:51:57'),(785,'oeuvres/cire-patinee/camille-s1.jpg',355,NULL,NULL,'2022-05-13 10:00:33','2022-05-13 10:00:33'),(786,'oeuvres/cire-patinee/camille-s2.jpg',355,NULL,NULL,'2022-05-13 10:00:33','2022-05-13 10:00:33'),(787,'oeuvres/cire-patinee/camille-s3.jpg',355,NULL,NULL,'2022-05-13 10:00:33','2022-05-13 10:00:33'),(788,'oeuvres/cire-patinee/camille-s4.jpg',355,NULL,NULL,'2022-05-13 10:00:33','2022-05-13 10:00:33'),(789,'oeuvres/cire-patinee/camille-s-cire1.jpg',356,NULL,NULL,'2022-05-13 10:06:30','2022-05-13 10:06:30'),(790,'oeuvres/cire-patinee/camille-s-cire2.jpg',356,NULL,NULL,'2022-05-13 10:06:30','2022-05-13 10:06:30'),(791,'oeuvres/cire-patinee/camille-s-cire3.jpg',356,NULL,NULL,'2022-05-13 10:06:30','2022-05-13 10:06:30'),(792,'oeuvres/cire-patinee/camille-au-travail1.jpg',357,NULL,NULL,'2022-05-13 10:06:47','2022-05-13 10:06:47'),(793,'oeuvres/cire-patinee/camille-au-travail2.jpg',357,NULL,NULL,'2022-05-13 10:06:47','2022-05-13 10:06:47'),(794,'oeuvres/cire-patinee/camille-au-travail3.jpg',357,NULL,NULL,'2022-05-13 10:06:47','2022-05-13 10:06:47'),(795,'oeuvres/cire-patinee/rodin1.jpg',358,NULL,NULL,'2022-05-13 10:14:19','2022-05-13 10:14:19'),(796,'oeuvres/cire-patinee/rodin2.jpg',358,NULL,NULL,'2022-05-13 10:14:19','2022-05-13 10:14:19'),(797,'oeuvres/cire-patinee/rodin3.jpg',358,NULL,NULL,'2022-05-13 10:14:19','2022-05-13 10:14:19'),(798,'oeuvres/cire-patinee/rodin4.jpg',358,NULL,NULL,'2022-05-13 10:14:19','2022-05-13 10:14:19'),(800,'oeuvres/cire-patinee/camille-s-camille-au-travail1.jpg',360,NULL,NULL,'2022-05-13 10:28:55','2022-05-13 10:28:55'),(801,'oeuvres/cire-patinee/camille-s-camille-au-travail2.jpg',360,NULL,NULL,'2022-05-13 10:28:55','2022-05-13 10:28:55'),(802,'oeuvres/cire-patinee/camille-s-camille-au-travail3.jpg',360,NULL,NULL,'2022-05-13 10:28:55','2022-05-13 10:28:55'),(803,'oeuvres/cire-patinee/camille-s-camille-au-travail4.jpg',360,NULL,NULL,'2022-05-13 10:28:55','2022-05-13 10:28:55'),(804,'oeuvres/mobilier-dartiste/traces-or1.jpg',361,NULL,NULL,'2022-05-13 12:18:58','2022-05-13 12:18:58'),(805,'oeuvres/mobilier-dartiste/traces-or2.jpg',361,NULL,NULL,'2022-05-13 12:18:58','2022-05-13 12:18:58'),(806,'oeuvres/mobilier-dartiste/traces-or3.jpg',361,NULL,NULL,'2022-05-13 12:18:58','2022-05-13 12:18:58'),(807,'oeuvres/mobilier-dartiste/traces-or4.jpg',361,NULL,NULL,'2022-05-13 12:18:58','2022-05-13 12:18:58'),(808,'oeuvres/mobilier-dartiste/traces-or5.jpg',361,NULL,NULL,'2022-05-13 12:18:58','2022-05-13 12:18:58'),(809,'oeuvres/mobilier-dartiste/traces-or6.jpg',361,NULL,NULL,'2022-05-13 12:18:58','2022-05-13 12:18:58'),(810,'oeuvres/mobilier-dartiste/table-et-tabourets-nacelle1.jpg',362,NULL,NULL,'2022-05-13 12:22:27','2022-05-13 12:22:27'),(811,'oeuvres/mobilier-dartiste/table-et-tabourets-nacelle2.jpg',362,NULL,NULL,'2022-05-13 12:22:27','2022-05-13 12:22:27'),(812,'oeuvres/mobilier-dartiste/table-et-tabourets-nacelle3.jpg',362,NULL,NULL,'2022-05-13 12:22:27','2022-05-13 12:22:27'),(813,'oeuvres/mobilier-dartiste/table-et-tabourets-nacelle4.jpg',362,NULL,NULL,'2022-05-13 12:22:27','2022-05-13 12:22:27'),(814,'oeuvres/mobilier-dartiste/table-et-tabourets-nacelle5.jpg',362,NULL,NULL,'2022-05-13 12:22:27','2022-05-13 12:22:27'),(815,'oeuvres/mobilier-dartiste/table-et-tabourets-nacelle6.jpg',362,NULL,NULL,'2022-05-13 12:22:27','2022-05-13 12:22:27'),(816,'oeuvres/mobilier-dartiste/eclipse1.jpg',363,NULL,NULL,'2022-05-13 12:26:07','2022-05-13 12:26:07'),(817,'oeuvres/mobilier-dartiste/eclipse2.jpg',363,NULL,NULL,'2022-05-13 12:26:07','2022-05-13 12:26:07'),(818,'oeuvres/mobilier-dartiste/eclipse3.jpg',363,NULL,NULL,'2022-05-13 12:26:07','2022-05-13 12:26:07'),(819,'oeuvres/mobilier-dartiste/eclipse4.jpg',363,NULL,NULL,'2022-05-13 12:26:07','2022-05-13 12:26:07'),(820,'oeuvres/mobilier-dartiste/eclipse5.jpg',363,NULL,NULL,'2022-05-13 12:26:07','2022-05-13 12:26:07'),(821,'oeuvres/mobilier-dartiste/eclipse6.jpg',363,NULL,NULL,'2022-05-13 12:26:07','2022-05-13 12:26:07'),(822,'oeuvres/mobilier-dartiste/eclipse7.jpg',363,NULL,NULL,'2022-05-13 12:26:07','2022-05-13 12:26:07'),(823,'oeuvres/mobilier-dartiste/eclipse8.jpg',363,NULL,NULL,'2022-05-13 12:26:07','2022-05-13 12:26:07'),(824,'oeuvres/mobilier-dartiste/eclipse9.jpg',363,NULL,NULL,'2022-05-13 12:26:07','2022-05-13 12:26:07'),(825,'oeuvres/mobilier-dartiste/eclipse10.jpg',363,NULL,NULL,'2022-05-13 12:26:07','2022-05-13 12:26:07'),(826,'oeuvres/mobilier-dartiste/eclipse11.jpg',363,NULL,NULL,'2022-05-13 12:26:07','2022-05-13 12:26:07'),(827,'oeuvres/mobilier-dartiste/table-basse-et-banc-arum1.jpg',364,NULL,NULL,'2022-05-13 12:33:43','2022-05-13 12:33:43'),(828,'oeuvres/mobilier-dartiste/table-basse-et-banc-arum2.jpg',364,NULL,NULL,'2022-05-13 12:33:43','2022-05-13 12:33:43'),(829,'oeuvres/mobilier-dartiste/table-basse-et-banc-arum3.jpg',364,NULL,NULL,'2022-05-13 12:33:43','2022-05-13 12:33:43'),(830,'oeuvres/mobilier-dartiste/table-basse-et-banc-arum4.jpg',364,NULL,NULL,'2022-05-13 12:33:43','2022-05-13 12:33:43'),(831,'oeuvres/mobilier-dartiste/table-basse-et-banc-arum5.jpg',364,NULL,NULL,'2022-05-13 12:33:43','2022-05-13 12:33:43'),(832,'oeuvres/mobilier-dartiste/table-basse-et-banc-arum6.jpg',364,NULL,NULL,'2022-05-13 12:33:43','2022-05-13 12:33:43'),(833,'oeuvres/mobilier-dartiste/table-basse-et-banc-arum7.jpg',364,NULL,NULL,'2022-05-13 12:33:43','2022-05-13 12:33:43'),(834,'oeuvres/mobilier-dartiste/table-basse-et-banc-arum8.jpg',364,NULL,NULL,'2022-05-13 12:33:43','2022-05-13 12:33:43'),(835,'oeuvres/mobilier-dartiste/table-basse-et-banc-arum9.jpg',364,NULL,NULL,'2022-05-13 12:33:43','2022-05-13 12:33:43'),(836,'oeuvres/mobilier-dartiste/table-basse-et-banc-arum10.jpg',364,NULL,NULL,'2022-05-13 12:33:43','2022-05-13 12:33:43'),(837,'oeuvres/mobilier-dartiste/psyche1.jpg',365,NULL,NULL,'2022-05-13 12:40:33','2022-05-13 12:40:33'),(838,'oeuvres/mobilier-dartiste/psyche2.jpg',365,NULL,NULL,'2022-05-13 12:40:33','2022-05-13 12:40:33'),(839,'oeuvres/mobilier-dartiste/psyche3.jpg',365,NULL,NULL,'2022-05-13 12:40:33','2022-05-13 12:40:33'),(840,'oeuvres/mobilier-dartiste/psyche4.jpg',365,NULL,NULL,'2022-05-13 12:40:33','2022-05-13 12:40:33'),(841,'oeuvres/mobilier-dartiste/psyche5.jpg',365,NULL,NULL,'2022-05-13 12:40:33','2022-05-13 12:40:33'),(842,'oeuvres/mobilier-dartiste/psyche6.jpg',365,NULL,NULL,'2022-05-13 12:40:33','2022-05-13 12:40:33'),(843,'oeuvres/mobilier-dartiste/psyche7.jpg',365,NULL,NULL,'2022-05-13 12:40:33','2022-05-13 12:40:33'),(844,'oeuvres/mobilier-dartiste/psyche8.jpg',365,NULL,NULL,'2022-05-13 12:40:33','2022-05-13 12:40:33'),(845,'oeuvres/mobilier-dartiste/psyche9.jpg',365,NULL,NULL,'2022-05-13 12:40:33','2022-05-13 12:40:33'),(846,'oeuvres/mobilier-dartiste/psyche10.jpg',365,NULL,NULL,'2022-05-13 12:40:33','2022-05-13 12:40:33'),(847,'oeuvres/mobilier-dartiste/psyche11.jpg',365,NULL,NULL,'2022-05-13 12:40:33','2022-05-13 12:40:33'),(848,'oeuvres/monuments/lace-desk-and-chair1.jpg',366,NULL,NULL,'2022-05-13 12:48:37','2022-05-13 12:48:37'),(849,'oeuvres/monuments/lace-desk-and-chair2.jpg',366,NULL,NULL,'2022-05-13 12:48:37','2022-05-13 12:48:37'),(850,'oeuvres/monuments/lace-desk-and-chair3.jpg',366,NULL,NULL,'2022-05-13 12:48:37','2022-05-13 12:48:37'),(851,'oeuvres/mobilier-dartiste/lace-computer-desk1.jpg',367,NULL,NULL,'2022-05-13 12:53:55','2022-05-13 12:53:55'),(852,'oeuvres/mobilier-dartiste/lace-computer-desk2.jpg',367,NULL,NULL,'2022-05-13 12:53:55','2022-05-13 12:53:55'),(853,'oeuvres/mobilier-dartiste/lace-computer-desk3.jpg',367,NULL,NULL,'2022-05-13 12:53:55','2022-05-13 12:53:55'),(854,'oeuvres/mobilier-dartiste/lace-table1.jpg',368,NULL,NULL,'2022-05-13 12:56:30','2022-05-13 12:56:30'),(858,'oeuvres/vasques/vague1.jpg',370,NULL,NULL,'2022-05-13 13:05:40','2022-05-13 13:05:40'),(859,'oeuvres/vasques/vague2.jpg',370,NULL,NULL,'2022-05-13 13:05:40','2022-05-13 13:05:40'),(860,'oeuvres/vasques/vague3.jpg',370,NULL,NULL,'2022-05-13 13:05:40','2022-05-13 13:05:40'),(866,'oeuvres/vasques/vasque-ecume1.jpg',372,NULL,NULL,'2022-05-13 13:14:15','2022-05-13 13:14:15'),(867,'oeuvres/vasques/vasque-ecume2.jpg',372,NULL,NULL,'2022-05-13 13:14:15','2022-05-13 13:14:15'),(868,'oeuvres/vasques/vasque-ecume3.jpg',372,NULL,NULL,'2022-05-13 13:14:15','2022-05-13 13:14:15'),(869,'oeuvres/vasques/vasque-ecume4.jpg',372,NULL,NULL,'2022-05-13 13:14:15','2022-05-13 13:14:15'),(870,'oeuvres/vasques/vasque-ecume5.jpg',372,NULL,NULL,'2022-05-13 13:14:15','2022-05-13 13:14:15'),(871,'oeuvres/monuments/fleur-de-cristal1.jpg',373,NULL,NULL,'2022-05-13 13:15:12','2022-05-13 13:15:12'),(872,'oeuvres/monuments/fleur-de-cristal2.jpg',373,NULL,NULL,'2022-05-13 13:15:12','2022-05-13 13:15:12'),(873,'oeuvres/vasques/vasque-bleue1.jpg',374,NULL,NULL,'2022-05-13 13:16:17','2022-05-13 13:16:17'),(874,'oeuvres/vasques/pichet-traces1.jpg',375,NULL,NULL,'2022-05-13 13:17:55','2022-05-13 13:17:55'),(875,'oeuvres/vasques/coupelle-ecume1.jpg',376,NULL,NULL,'2022-05-13 13:18:54','2022-05-13 13:18:54'),(879,'oeuvres/vasques/coupelle-ecume-ambree1.jpg',378,NULL,NULL,'2022-05-13 13:28:49','2022-05-13 13:28:49'),(880,'oeuvres/monuments/coupe-feuille-decume1.jpg',379,NULL,NULL,'2022-05-13 13:28:54','2022-05-13 13:28:54'),(881,'oeuvres/monuments/coupe-feuille-decume2.jpg',379,NULL,NULL,'2022-05-13 13:28:54','2022-05-13 13:28:54'),(882,'oeuvres/monuments/coupe-feuille-decume3.jpg',379,NULL,NULL,'2022-05-13 13:28:54','2022-05-13 13:28:54'),(883,'oeuvres/vasques/vasque-gravee1.jpg',380,NULL,NULL,'2022-05-13 13:30:40','2022-05-13 13:30:40'),(884,'oeuvres/vasques/nacelle-traces1.jpg',381,NULL,NULL,'2022-05-13 13:32:04','2022-05-13 13:32:04'),(885,'oeuvres/vasques/traces1.jpg',382,NULL,NULL,'2022-05-13 13:38:51','2022-05-13 13:38:51'),(886,'oeuvres/vasques/traces2.jpg',382,NULL,NULL,'2022-05-13 13:38:52','2022-05-13 13:38:52'),(887,'oeuvres/vasques/traces3.jpg',382,NULL,NULL,'2022-05-13 13:38:52','2022-05-13 13:38:52'),(888,'oeuvres/vasques/traces4.jpg',382,NULL,NULL,'2022-05-13 13:38:52','2022-05-13 13:38:52'),(889,'oeuvres/vasques/traces5.png',382,NULL,NULL,'2022-05-13 13:38:52','2022-05-13 13:38:52'),(890,'oeuvres/sculptures-de-verre/totem-carre1.jpg',383,NULL,NULL,'2022-05-13 13:47:05','2022-05-13 13:47:05'),(891,'oeuvres/sculptures-de-verre/totem-carre2.jpg',383,NULL,NULL,'2022-05-13 13:47:05','2022-05-13 13:47:05'),(892,'oeuvres/sculptures-de-verre/totem-carre3.jpg',383,NULL,NULL,'2022-05-13 13:47:05','2022-05-13 13:47:05'),(895,'oeuvres/sculptures-de-verre/danaide1.jpg',385,NULL,NULL,'2022-05-13 13:49:55','2022-05-13 13:49:55'),(896,'oeuvres/sculptures-de-verre/danaide2.jpg',385,NULL,NULL,'2022-05-13 13:49:55','2022-05-13 13:49:55'),(897,'oeuvres/sculptures-de-verre/danaide3.jpg',385,NULL,NULL,'2022-05-13 13:49:55','2022-05-13 13:49:55'),(898,'oeuvres/trophees/trophee-du-prix-yvette-horner-20191.jpg',386,NULL,NULL,'2022-05-13 13:54:22','2022-05-13 13:54:22'),(899,'oeuvres/trophees/trophee-du-prix-yvette-horner-20192.jpg',386,NULL,NULL,'2022-05-13 13:54:22','2022-05-13 13:54:22'),(900,'oeuvres/trophees/trophee-du-prix-yvette-horner-20193.jpg',386,NULL,NULL,'2022-05-13 13:54:22','2022-05-13 13:54:22'),(901,'oeuvres/trophees/trophee-du-prix-yvette-horner-20194.jpg',386,NULL,NULL,'2022-05-13 13:54:22','2022-05-13 13:54:22'),(902,'oeuvres/trophees/trophee-du-prix-yvette-horner-20195.jpg',386,NULL,NULL,'2022-05-13 13:54:22','2022-05-13 13:54:22'),(903,'oeuvres/sculptures-de-verre/nuage1.jpg',387,NULL,NULL,'2022-05-13 13:55:58','2022-05-13 13:55:58'),(904,'oeuvres/sculptures-de-verre/nuage2.jpg',387,NULL,NULL,'2022-05-13 13:55:58','2022-05-13 13:55:58'),(905,'oeuvres/sculptures-de-verre/cybernetique-bleue1.jpg',388,NULL,NULL,'2022-05-13 13:58:19','2022-05-13 13:58:19'),(906,'oeuvres/sculptures-de-verre/faggiano1.jpg',389,NULL,NULL,'2022-05-13 13:59:25','2022-05-13 13:59:25'),(907,'oeuvres/sculptures-de-verre/faggiano2.jpg',389,NULL,NULL,'2022-05-13 13:59:25','2022-05-13 13:59:25'),(908,'oeuvres/sculptures-de-verre/le-songe1.jpg',390,NULL,NULL,'2022-05-13 14:00:37','2022-05-13 14:00:37'),(909,'oeuvres/sculptures-de-verre/le-songe2.jpg',390,NULL,NULL,'2022-05-13 14:00:37','2022-05-13 14:00:37'),(910,'oeuvres/sculptures-de-verre/cybernetique-rouge1.jpg',391,NULL,NULL,'2022-05-13 14:02:05','2022-05-13 14:02:05'),(911,'oeuvres/sculptures-de-verre/cybernetique-rouge2.jpg',391,NULL,NULL,'2022-05-13 14:02:05','2022-05-13 14:02:05'),(912,'oeuvres/sculptures-de-verre/disque1.jpg',392,NULL,NULL,'2022-05-13 14:03:11','2022-05-13 14:03:11'),(913,'oeuvres/monuments/maternite1.jpg',393,NULL,NULL,'2022-05-13 14:04:14','2022-05-13 14:04:14'),(914,'oeuvres/trophees/remise-du-prix-yvette-horner-2019-par-e-cibot1.jpg',394,NULL,NULL,'2022-05-13 14:11:02','2022-05-13 14:11:02'),(916,'oeuvres/trophees/trophee-acad1.jpg',396,NULL,NULL,'2022-05-13 14:17:25','2022-05-13 14:17:25'),(917,'oeuvres/trophees/trophee-acad2.jpg',396,NULL,NULL,'2022-05-13 14:17:25','2022-05-13 14:17:25'),(918,'oeuvres/trophees/trophee-saint-gobain1.jpg',397,NULL,NULL,'2022-05-13 14:18:16','2022-05-13 14:18:16'),(919,'oeuvres/trophees/trophee-perfuverre1.jpg',398,NULL,NULL,'2022-05-13 14:19:52','2022-05-13 14:19:52'),(920,'oeuvres/panneaux-de-verre/abstract1.jpg',399,NULL,NULL,'2022-05-13 14:34:37','2022-05-13 14:34:37'),(921,'oeuvres/panneaux-de-verre/abstract2.jpg',399,NULL,NULL,'2022-05-13 14:34:37','2022-05-13 14:34:37'),(922,'oeuvres/panneaux-de-verre/autoportrait1.jpg',400,NULL,NULL,'2022-05-13 14:36:06','2022-05-13 14:36:06'),(923,'oeuvres/panneaux-de-verre/autoportrait2.jpg',400,NULL,NULL,'2022-05-13 14:36:06','2022-05-13 14:36:06'),(924,'oeuvres/panneaux-de-verre/yvette1.jpg',401,NULL,NULL,'2022-05-13 14:37:36','2022-05-13 14:37:36'),(925,'oeuvres/panneaux-de-verre/yvette2.jpg',401,NULL,NULL,'2022-05-13 14:37:36','2022-05-13 14:37:36'),(926,'oeuvres/panneaux-de-verre/yvette3.jpg',401,NULL,NULL,'2022-05-13 14:37:36','2022-05-13 14:37:36'),(927,'oeuvres/panneaux-de-verre/yvette4.jpg',401,NULL,NULL,'2022-05-13 14:37:36','2022-05-13 14:37:36'),(928,'oeuvres/panneaux-de-verre/yvette5.jpg',401,NULL,NULL,'2022-05-13 14:37:36','2022-05-13 14:37:36'),(929,'oeuvres/monuments/disque1.jpg',402,NULL,NULL,'2022-05-13 14:40:32','2022-05-13 14:40:32'),(930,'oeuvres/monuments/disque2.jpg',402,NULL,NULL,'2022-05-13 14:40:32','2022-05-13 14:40:32'),(931,'oeuvres/panneaux-de-verre/oiseau-et-arbre1.jpg',403,NULL,NULL,'2022-05-13 14:45:32','2022-05-13 14:45:32'),(932,'oeuvres/panneaux-de-verre/oiseau-et-arbre2.jpg',403,NULL,NULL,'2022-05-13 14:45:32','2022-05-13 14:45:32'),(933,'oeuvres/panneaux-de-verre/oiseau-et-arbre3.jpg',403,NULL,NULL,'2022-05-13 14:45:32','2022-05-13 14:45:32'),(934,'oeuvres/panneaux-de-verre/laigle1.jpg',404,NULL,NULL,'2022-05-13 14:47:52','2022-05-13 14:47:52'),(935,'oeuvres/panneaux-de-verre/laigle2.jpg',404,NULL,NULL,'2022-05-13 14:47:52','2022-05-13 14:47:52'),(936,'oeuvres/panneaux-de-verre/abysses1.jpg',405,NULL,NULL,'2022-05-13 14:53:32','2022-05-13 14:53:32'),(937,'oeuvres/panneaux-de-verre/abysses2.jpg',405,NULL,NULL,'2022-05-13 14:53:32','2022-05-13 14:53:32'),(938,'oeuvres/panneaux-de-verre/abysses3.jpg',405,NULL,NULL,'2022-05-13 14:53:32','2022-05-13 14:53:32'),(939,'oeuvres/panneaux-de-verre/abysses4.jpg',405,NULL,NULL,'2022-05-13 14:53:32','2022-05-13 14:53:32'),(940,'oeuvres/panneaux-de-verre/abysses5.jpg',405,NULL,NULL,'2022-05-13 14:53:32','2022-05-13 14:53:32'),(941,'oeuvres/panneaux-de-verre/abysses6.jpg',405,NULL,NULL,'2022-05-13 14:53:32','2022-05-13 14:53:32'),(942,'oeuvres/panneaux-de-verre/abysses7.jpg',405,NULL,NULL,'2022-05-13 14:53:32','2022-05-13 14:53:32'),(943,'oeuvres/panneaux-de-verre/store-grave1.jpg',406,NULL,NULL,'2022-05-13 15:00:40','2022-05-13 15:00:40'),(944,'oeuvres/panneaux-de-verre/plumes1.jpg',407,NULL,NULL,'2022-05-13 15:01:40','2022-05-13 15:01:40'),(945,'oeuvres/panneaux-de-verre/plumes2.jpg',407,NULL,NULL,'2022-05-13 15:01:40','2022-05-13 15:01:40'),(946,'oeuvres/panneaux-de-verre/panneau-accentum1.jpg',408,NULL,NULL,'2022-05-13 15:02:29','2022-05-13 15:02:29'),(947,'oeuvres/panneaux-de-verre/pare-feu1.jpg',409,NULL,NULL,'2022-05-13 15:03:43','2022-05-13 15:03:43');
/*!40000 ALTER TABLE `photos` ENABLE KEYS */;
UNLOCK TABLES;

--
-- Table structure for table `users`
--

DROP TABLE IF EXISTS `users`;
/*!40101 SET @saved_cs_client     = @@character_set_client */;
/*!40101 SET character_set_client = utf8 */;
CREATE TABLE `users` (
  `id` bigint(20) unsigned NOT NULL AUTO_INCREMENT,
  `name` varchar(255) COLLATE utf8mb4_unicode_ci NOT NULL,
  `email` varchar(255) COLLATE utf8mb4_unicode_ci NOT NULL,
  `email_verified_at` timestamp NULL DEFAULT NULL,
  `password` varchar(255) COLLATE utf8mb4_unicode_ci NOT NULL,
  `remember_token` varchar(100) COLLATE utf8mb4_unicode_ci DEFAULT NULL,
  `created_at` timestamp NULL DEFAULT NULL,
  `updated_at` timestamp NULL DEFAULT NULL,
  `is_admin` tinyint(1) NOT NULL DEFAULT '0',
  PRIMARY KEY (`id`),
  UNIQUE KEY `users_email_unique` (`email`)
) ENGINE=InnoDB AUTO_INCREMENT=2 DEFAULT CHARSET=utf8mb4 COLLATE=utf8mb4_unicode_ci;
/*!40101 SET character_set_client = @saved_cs_client */;

--
-- Dumping data for table `users`
--

LOCK TABLES `users` WRITE;
/*!40000 ALTER TABLE `users` DISABLE KEYS */;
INSERT INTO `users` VALUES (1,'Admin','admin@admin.com','2022-04-25 09:37:05','$2y$10$92IXUNpkjO0rOQ5byMi.Ye4oKoEa3Ro9llC/.og/at2.uheWG/igi','RlndseI0A8','2022-04-25 09:37:05','2022-04-25 09:37:05',1);
/*!40000 ALTER TABLE `users` ENABLE KEYS */;
UNLOCK TABLES;
/*!40103 SET TIME_ZONE=@OLD_TIME_ZONE */;

/*!40101 SET SQL_MODE=@OLD_SQL_MODE */;
/*!40014 SET FOREIGN_KEY_CHECKS=@OLD_FOREIGN_KEY_CHECKS */;
/*!40014 SET UNIQUE_CHECKS=@OLD_UNIQUE_CHECKS */;
/*!40101 SET CHARACTER_SET_CLIENT=@OLD_CHARACTER_SET_CLIENT */;
/*!40101 SET CHARACTER_SET_RESULTS=@OLD_CHARACTER_SET_RESULTS */;
/*!40101 SET COLLATION_CONNECTION=@OLD_COLLATION_CONNECTION */;
/*!40111 SET SQL_NOTES=@OLD_SQL_NOTES */;

-- Dump completed on 2022-05-13 16:13:09
